Position,Const,Created,Modified,Description,Title,URL,Title Type,IMDb Rating,Runtime (mins),Year,Genres,Num Votes,Release Date,Directors
1,tt2272350,2014-02-18,2014-02-18,,The Battery,https://www.imdb.com/title/tt2272350/,movie,6.3,101,2012,"Adventure, Drama, Horror",9593,2012-10-13,Jeremy Gardner
2,tt0876294,2014-02-18,2014-02-18,,The Zombie Diaries,https://www.imdb.com/title/tt0876294/,movie,4.0,85,2006,"Horror, Sci-Fi",4783,2006-10-29,"Michael G. Bartlett, Kevin Gates"
3,tt0103959,2014-02-18,2014-02-18,,Chrome Hearts,https://www.imdb.com/title/tt0103959/,movie,4.1,86,1989,"Comedy, Horror",2030,1989-10-31,Dan Hoskins
4,tt2364997,2014-02-18,2014-02-18,,Zombies Vs. Strippers,https://www.imdb.com/title/tt2364997/,movie,3.5,75,2012,"Comedy, Horror",846,2012-07-09,Alex Nicolaou
5,tt0273302,2014-02-18,2014-02-18,,Junk: Shiryô-gari,https://www.imdb.com/title/tt0273302/,movie,5.4,83,2000,Horror,1164,2000-01-22,Atsushi Muroga
6,tt1134674,2014-02-18,2014-02-18,,ZMD: Zombies of Mass Destruction,https://www.imdb.com/title/tt1134674/,movie,5.0,89,2009,"Comedy, Horror, Sci-Fi",4195,2009-04-18,Kevin Hamedani
7,tt0082559,2014-02-18,2014-02-18,,Virus,https://www.imdb.com/title/tt0082559/,movie,4.9,99,1980,"Horror, Sci-Fi, Thriller",5463,1980-11-10,"Claudio Fragasso, Bruno Mattei"
8,tt0428390,2014-02-18,2014-02-18,,Severed,https://www.imdb.com/title/tt0428390/,movie,4.5,93,2005,"Horror, Sci-Fi, Thriller",2109,2005-09-25,Carl Bessai
9,tt2082152,2014-02-18,2014-02-18,,13 Eerie,https://www.imdb.com/title/tt2082152/,movie,4.5,87,2013,Horror,3050,2013-03-29,Lowell Dean
10,tt2436516,2014-02-18,2014-02-18,,Go Goa Gone,https://www.imdb.com/title/tt2436516/,movie,6.6,108,2013,"Action, Adventure, Comedy, Horror, Sci-Fi",14288,2013-05-10,"Raj Nidimoru, Krishna D.K."
11,tt1838571,2014-02-18,2014-02-18,,Juan de los muertos,https://www.imdb.com/title/tt1838571/,movie,6.4,92,2011,"Action, Comedy, Horror",10686,2011-09-10,Alejandro Brugués
12,tt2236182,2014-02-18,2014-02-18,,Rise of the Zombies,https://www.imdb.com/title/tt2236182/,movie,3.7,89,2012,"Action, Adventure, Drama, Horror, Sci-Fi, Thriller",3249,2012-10-08,Nick Lyon
13,tt1753753,2014-02-18,2014-02-18,,Eaters,https://www.imdb.com/title/tt1753753/,movie,4.0,94,2011,Horror,1458,2011-04-07,"Luca Boni, Marco Ristori"
14,tt1362058,2014-02-18,2014-02-18,,Cockneys vs Zombies,https://www.imdb.com/title/tt1362058/,movie,5.9,88,2012,"Action, Comedy, Horror, Thriller",19747,2012-08-23,Matthias Hoene
15,tt2084934,2014-02-18,2014-02-18,,Zombibi,https://www.imdb.com/title/tt2084934/,movie,4.9,90,2012,"Comedy, Horror",1552,2012-02-15,"Erwin van den Eshof, Martijn Smits"
16,tt0436498,2014-02-18,2014-02-18,,Last Rites,https://www.imdb.com/title/tt0436498/,video,3.4,90,2006,"Action, Horror, Sci-Fi",994,2006-06-30,Duane Stinnett
17,tt1386925,2014-02-18,2014-02-18,,The Dead,https://www.imdb.com/title/tt1386925/,movie,5.7,105,2010,"Action, Adventure, Drama, Horror, Sci-Fi, Thriller",9418,2010-08-30,"Howard J. Ford, Jonathan Ford"
18,tt1278322,2014-02-18,2014-02-18,,Colin,https://www.imdb.com/title/tt1278322/,movie,4.7,97,2008,"Action, Drama, Horror",1612,2008-11-15,Marc Price
19,tt0365748,2014-02-18,2014-02-18,,Shaun of the Dead,https://www.imdb.com/title/tt0365748/,movie,7.9,99,2004,"Comedy, Horror",565799,2004-03-29,Edgar Wright
20,tt0926063,2014-02-18,2014-02-18,,Dance of the Dead,https://www.imdb.com/title/tt0926063/,movie,5.8,87,2008,"Action, Comedy, Horror, Sci-Fi",11799,2008-03-09,Gregg Bishop
21,tt0277605,2014-02-18,2014-02-18,,Sang faa sau see,https://www.imdb.com/title/tt0277605/,movie,6.4,94,1998,"Comedy, Horror, Sci-Fi",2550,1998-06-11,Wilson Yip
22,tt1821352,2014-02-18,2014-02-18,,Bong of the Dead,https://www.imdb.com/title/tt1821352/,video,3.3,91,2011,"Action, Comedy, Horror",676,2011-05-12,Thomas Newman
23,tt1438499,2014-02-18,2014-02-18,,Oneechanbara: The Movie - Vortex,https://www.imdb.com/title/tt1438499/,video,4.2,85,2009,Horror,343,2009-06-06,Tsuyoshi Shôji
24,tt0770739,2014-02-18,2014-02-18,,Dead & Deader,https://www.imdb.com/title/tt0770739/,tvMovie,4.7,89,2006,"Action, Comedy, Horror, Sci-Fi",1577,2006-12-16,Patrice Dinhut
25,tt0399934,2014-02-18,2014-02-18,,Zombie Honeymoon,https://www.imdb.com/title/tt0399934/,movie,4.5,83,2004,"Drama, Horror, Romance",2489,2004-10-23,David Gebroe
26,tt1027762,2014-02-18,2014-02-18,,Wasting Away,https://www.imdb.com/title/tt1027762/,movie,5.7,90,2007,"Comedy, Horror",3433,2007-10-16,Matthew Kohnen
27,tt0096511,2014-02-18,2014-02-18,,Zombi 3,https://www.imdb.com/title/tt0096511/,movie,4.8,95,1988,"Action, Horror, Sci-Fi",5140,1988-06-30,"Claudio Fragasso, Lucio Fulci, Bruno Mattei"
28,tt1077258,2014-02-18,2014-02-18,,Planet Terror,https://www.imdb.com/title/tt1077258/,movie,7.1,105,2007,"Action, Comedy, Horror, Sci-Fi, Thriller",214783,2007-04-06,Robert Rodriguez
29,tt0071431,2014-02-18,2014-02-18,,No profanar el sueño de los muertos,https://www.imdb.com/title/tt0071431/,movie,6.8,95,1974,Horror,8619,1974-09-30,Jorge Grau
30,tt0082966,2014-02-18,2014-02-18,,Quella villa accanto al cimitero,https://www.imdb.com/title/tt0082966/,movie,6.1,86,1981,Horror,15199,1981-08-14,Lucio Fulci
31,tt0084357,2014-02-18,2014-02-18,,La morte vivante,https://www.imdb.com/title/tt0084357/,movie,5.7,90,1982,Horror,2347,1982-08-25,Jean Rollin
32,tt1579235,2014-02-18,2014-02-18,,Harold's Going Stiff,https://www.imdb.com/title/tt1579235/,movie,5.8,77,2011,"Comedy, Horror",728,2011-05-06,Keith Wright
33,tt0470402,2014-02-18,2014-02-18,,Khun krabii hiiroh,https://www.imdb.com/title/tt0470402/,movie,5.8,95,2004,"Action, Comedy, Fantasy, Horror",892,2004-12-16,Taweewat Wantha
34,tt1090189,2014-02-18,2014-02-18,,Black Swarm,https://www.imdb.com/title/tt1090189/,tvMovie,3.9,89,2007,"Action, Comedy, Drama, Horror, Sci-Fi, Thriller",997,2007-12-07,David Winning
35,tt0387549,2014-02-18,2014-02-18,,The Roost,https://www.imdb.com/title/tt0387549/,movie,4.8,80,2005,"Horror, Thriller",2150,2005-03-12,Ti West
36,tt0779982,2014-02-18,2014-02-18,,Black Sheep,https://www.imdb.com/title/tt0779982/,movie,5.8,87,2006,"Adult, Comedy, Horror, Sci-Fi",41182,2006-09-10,Jonathan King
37,tt0398927,2014-02-18,2014-02-18,,Dead Meat,https://www.imdb.com/title/tt0398927/,movie,3.9,87,2005,"Comedy, Horror",916,2005-02-01,Philip Cruz
38,tt2328841,2014-02-18,2014-02-18,,Z-108 qi cheng,https://www.imdb.com/title/tt2328841/,movie,3.3,83,2012,"Horror, Sci-Fi",965,2012-04-06,Joe Chien
39,tt1172571,2014-02-18,2014-02-18,,The Children,https://www.imdb.com/title/tt1172571/,movie,5.9,84,2008,"Horror, Mystery, Thriller",18517,2008-12-05,Tom Shankland
40,tt0415167,2014-02-18,2014-02-18,,Mortuary,https://www.imdb.com/title/tt0415167/,movie,4.1,94,2005,"Horror, Mystery, Thriller",6019,2005-08-03,Tobe Hooper
41,tt0079788,2014-02-18,2014-02-18,,Zombi Holocaust,https://www.imdb.com/title/tt0079788/,movie,5.2,84,1980,"Adventure, Horror, Mystery, Sci-Fi, Thriller",5602,1980-03-28,Marino Girolami
42,tt0090917,2014-02-18,2014-02-18,,Deadly Friend,https://www.imdb.com/title/tt0090917/,movie,5.5,91,1986,"Drama, Horror, Sci-Fi, Thriller",8207,1986-10-10,Wes Craven
43,tt0047960,2014-02-18,2014-02-18,,Creature with the Atom Brain,https://www.imdb.com/title/tt0047960/,movie,5.5,69,1955,"Crime, Horror, Sci-Fi, Thriller",1542,1955-06-22,Edward L. Cahn
44,tt0036307,2014-02-18,2014-02-18,,Revenge of the Zombies,https://www.imdb.com/title/tt0036307/,movie,4.6,61,1943,"Drama, Horror, Thriller",752,1943-09-17,Steve Sekely
45,tt0173866,2014-02-18,2014-02-18,,Frozen Scream,https://www.imdb.com/title/tt0173866/,movie,2.9,85,1975,Horror,558,,Frank Roach
46,tt1925435,2014-02-18,2014-02-18,,Frankenstein's Army,https://www.imdb.com/title/tt1925435/,movie,5.3,84,2013,"Horror, Sci-Fi",8800,2013-01-26,Richard Raaphorst
47,tt0439615,2014-02-18,2014-02-18,,Horrors of War,https://www.imdb.com/title/tt0439615/,movie,2.9,99,2006,"Action, Horror, Sci-Fi, War",1225,2006-03-25,"Peter John Ross, John Whitney"
48,tt0076704,2014-02-18,2014-02-18,,Shock Waves,https://www.imdb.com/title/tt0076704/,movie,5.5,85,1977,"Horror, Mystery, Sci-Fi",5807,1977-06-22,Ken Wiederhorn
49,tt0028478,2014-02-18,2014-02-18,,The Walking Dead,https://www.imdb.com/title/tt0028478/,movie,6.6,66,1936,"Crime, Drama, Horror, Sci-Fi",2789,1936-03-01,Michael Curtiz
50,tt1876547,2014-02-18,2014-02-18,,Zombie Apocalypse,https://www.imdb.com/title/tt1876547/,tvMovie,4.0,87,2011,"Action, Adventure, Horror, Sci-Fi, Thriller",5397,2011-10-29,Nick Lyon
51,tt0068621,2014-02-18,2014-02-18,,Garden of the Dead,https://www.imdb.com/title/tt0068621/,movie,4.0,59,1972,"Sci-Fi, Horror",559,1972-09-13,John Hayes
52,tt0094961,2014-02-18,2014-02-18,,Dead Heat,https://www.imdb.com/title/tt0094961/,movie,6.0,84,1988,"Action, Comedy, Horror, Sci-Fi, Thriller",8530,1988-05-06,Mark Goldblatt
53,tt0265870,2014-02-18,2014-02-18,,They Saved Hitler's Brain,https://www.imdb.com/title/tt0265870/,tvMovie,2.4,91,1968,"Action, Adventure, Sci-Fi, Thriller",898,1968-08-18,David Bradley
54,tt0060434,2014-02-18,2014-02-18,,The Frozen Dead,https://www.imdb.com/title/tt0060434/,movie,5.0,95,1966,"Horror, Sci-Fi",1002,1966-10-31,Herbert J. Leder
55,tt0960890,2014-02-18,2014-02-18,,Zombie Strippers!,https://www.imdb.com/title/tt0960890/,movie,4.1,94,2008,"Comedy, Horror, Sci-Fi",18602,2008-02-23,Jay Lee
56,tt1156398,2014-02-18,2014-02-18,,Zombieland,https://www.imdb.com/title/tt1156398/,movie,7.6,88,2009,"Action, Comedy, Horror",587581,2009-09-25,Ruben Fleischer
57,tt0496444,2014-02-18,2014-02-18,,Zombie Town,https://www.imdb.com/title/tt0496444/,video,4.3,95,2007,"Action, Comedy, Horror, Sci-Fi, Thriller",751,2007-03-14,Damon Lemay
58,tt0816711,2014-02-18,2014-02-18,,World War Z,https://www.imdb.com/title/tt0816711/,movie,7.0,116,2013,"Action, Adventure, Horror, Sci-Fi",679016,2013-06-02,Marc Forster
59,tt0813129,2014-02-18,2014-02-18,,To kako,https://www.imdb.com/title/tt0813129/,movie,5.4,83,2005,"Action, Comedy, Horror",1846,2005-09-24,Giorgos Nousias
60,tt0363547,2014-02-18,2014-02-18,,Dawn of the Dead,https://www.imdb.com/title/tt0363547/,movie,7.3,101,2004,"Action, Horror",259979,2004-03-10,Zack Snyder
61,tt0896534,2014-02-18,2014-02-18,,Deadgirl,https://www.imdb.com/title/tt0896534/,movie,5.5,101,2008,Horror,19313,2008-09-06,"Gadi Harel, Marcel Sarmiento"
62,tt1453245,2014-02-18,2014-02-18,,Devil's Playground,https://www.imdb.com/title/tt1453245/,movie,5.1,96,2010,"Action, Horror",5057,2010-08-21,Mark McQueen
63,tt0780583,2014-02-18,2014-02-18,,Plane Dead,https://www.imdb.com/title/tt0780583/,movie,5.1,89,2007,Horror,9353,2007-03-21,Scott Thomas
64,tt0469683,2014-02-18,2014-02-18,,Automaton Transfusion,https://www.imdb.com/title/tt0469683/,movie,3.7,75,2006,Horror,2398,2006-10-18,Steven C. Miller
65,tt0780645,2014-02-18,2014-02-18,,War of the Dead,https://www.imdb.com/title/tt0780645/,movie,4.1,86,2011,"Action, Adventure, Horror, Sci-Fi, Thriller",2732,2011-10-22,Marko Mäkilaakso
66,tt0489018,2014-02-18,2014-02-18,,Day of the Dead,https://www.imdb.com/title/tt0489018/,video,4.5,86,2008,"Action, Horror, Sci-Fi, Thriller",21354,2008-04-08,Steve Miner
67,tt0080931,2014-02-18,2014-02-18,,Incubo sulla città contaminata,https://www.imdb.com/title/tt0080931/,movie,5.6,92,1980,"Horror, Sci-Fi, Thriller",6413,1980-12-11,Umberto Lenzi
68,tt0765430,2014-02-18,2014-02-18,,American Zombie,https://www.imdb.com/title/tt0765430/,movie,5.0,90,2007,"Comedy, Drama, Horror",1194,2007-01-18,Grace Lee
69,tt1300159,2014-02-18,2014-02-18,,Growth,https://www.imdb.com/title/tt1300159/,movie,4.4,90,2010,"Horror, Sci-Fi",3555,2010-01-18,Gabriel Cowan
70,tt1653913,2014-02-18,2014-02-18,,Nihon bundan: Heru doraibâ,https://www.imdb.com/title/tt1653913/,movie,5.2,117,2010,"Horror, Sci-Fi",1702,2010-09-28,Yoshihiro Nishimura
71,tt0267116,2014-02-18,2014-02-18,,Wild Zero,https://www.imdb.com/title/tt0267116/,movie,6.3,98,1999,"Comedy, Horror, Music, Sci-Fi, Thriller",3656,1999-08-28,Tetsuro Takeuchi
72,tt0339840,2014-02-18,2014-02-18,,Undead,https://www.imdb.com/title/tt0339840/,movie,5.4,104,2003,"Action, Comedy, Fantasy, Horror, Sci-Fi",14455,2003-02-27,"Michael Spierig, Peter Spierig"
73,tt0439815,2014-02-18,2014-02-18,,Slither,https://www.imdb.com/title/tt0439815/,movie,6.5,95,2006,"Comedy, Horror, Sci-Fi",84381,2006-03-31,James Gunn
74,tt0091630,2014-02-18,2014-02-18,,Night of the Creeps,https://www.imdb.com/title/tt0091630/,movie,6.7,88,1986,"Comedy, Horror, Sci-Fi",24585,1986-08-22,Fred Dekker
75,tt0499456,2014-02-18,2014-02-18,,Days of Darkness,https://www.imdb.com/title/tt0499456/,movie,3.8,89,2007,Horror,1505,2007-09-21,Jake Kennedy
76,tt0068713,2014-02-18,2014-02-18,,Pánico en el Transiberiano,https://www.imdb.com/title/tt0068713/,movie,6.5,91,1972,"Adventure, Horror, Sci-Fi, Thriller",11580,1972-09-30,Eugenio Martín
77,tt0052320,2014-02-18,2014-02-18,,The Trollenberg Terror,https://www.imdb.com/title/tt0052320/,movie,5.1,84,1958,"Horror, Sci-Fi",4437,1958-10-07,Quentin Lawrence
78,tt0052077,2014-02-18,2014-02-18,,Plan 9 from Outer Space,https://www.imdb.com/title/tt0052077/,movie,3.9,79,1957,"Horror, Sci-Fi",39203,1957-03-15,Edward D. Wood Jr.
79,tt0058050,2014-02-18,2014-02-18,,The Earth Dies Screaming,https://www.imdb.com/title/tt0058050/,movie,5.8,62,1964,"Horror, Sci-Fi",2049,1964-10-04,Terence Fisher
80,tt0053692,2014-02-18,2014-02-18,,The Cape Canaveral Monsters,https://www.imdb.com/title/tt0053692/,tvMovie,3.5,69,1960,"Horror, Sci-Fi",428,1960-12-31,Phil Tucker
81,tt0052929,2014-02-18,2014-02-18,,Invisible Invaders,https://www.imdb.com/title/tt0052929/,movie,5.0,67,1959,"Sci-Fi, Horror",1710,1959-05-15,Edward L. Cahn
82,tt0079714,2014-02-18,2014-02-18,,Phantasm,https://www.imdb.com/title/tt0079714/,movie,6.6,89,1979,"Horror, Sci-Fi",38432,1979-01-31,Don Coscarelli
83,tt0054724,2014-02-19,2014-02-19,,Zombie,https://www.imdb.com/title/tt0054724/,movie,3.5,92,1971,Horror,1575,1971-10-29,Del Tenney
84,tt0096071,2014-02-19,2014-02-19,,The Serpent and the Rainbow,https://www.imdb.com/title/tt0096071/,movie,6.4,98,1988,"Fantasy, Horror",26406,1988-02-05,Wes Craven
85,tt0036027,2014-02-19,2014-02-19,,I Walked with a Zombie,https://www.imdb.com/title/tt0036027/,movie,7.0,69,1943,"Drama, Fantasy, Horror, Romance",12861,1943-04-08,Jacques Tourneur
86,tt0023694,2014-02-19,2014-02-19,,White Zombie,https://www.imdb.com/title/tt0023694/,movie,6.2,69,1932,Horror,10982,1932-07-28,Victor Halperin
87,tt0028174,2014-02-19,2014-02-19,,Revolt of the Zombies,https://www.imdb.com/title/tt0028174/,movie,3.4,65,1936,"Adventure, Horror",1779,1936-06-04,Victor Halperin
88,tt0033787,2014-02-19,2014-02-19,,King of the Zombies,https://www.imdb.com/title/tt0033787/,movie,5.2,67,1941,"Adventure, Comedy, Horror",2340,1941-05-14,Jean Yarbrough
89,tt0072225,2014-02-19,2014-02-19,,Sugar Hill,https://www.imdb.com/title/tt0072225/,movie,5.8,91,1974,"Action, Crime, Horror",2156,1974-02-06,Paul Maslansky
90,tt0098627,2014-02-19,2014-02-19,,Weekend at Bernie's,https://www.imdb.com/title/tt0098627/,movie,6.4,97,1989,"Adventure, Comedy, Crime",58825,1989-02-09,Ted Kotcheff
91,tt0060841,2014-02-19,2014-02-19,,The Plague of the Zombies,https://www.imdb.com/title/tt0060841/,movie,6.6,90,1966,Horror,5214,1966-01-09,John Gilling
92,tt1298650,2014-02-19,2014-02-19,,Pirates of the Caribbean: On Stranger Tides,https://www.imdb.com/title/tt1298650/,movie,6.6,137,2011,"Action, Adventure, Fantasy",535969,2011-05-07,Rob Marshall
93,tt0166792,2014-02-19,2014-02-19,,Scooby-Doo on Zombie Island,https://www.imdb.com/title/tt0166792/,video,7.7,77,1998,"Animation, Adventure, Comedy, Family, Fantasy, Mystery",16049,1998-09-22,Jim Stenstrum
94,tt1278340,2014-02-19,2014-02-19,,Død snø,https://www.imdb.com/title/tt1278340/,movie,6.3,92,2009,"Comedy, Fantasy, Horror",68202,2009-01-09,Tommy Wirkola
95,tt2798680,2014-02-19,2014-02-19,,Knight of the Dead,https://www.imdb.com/title/tt2798680/,movie,2.7,82,2013,"Action, Fantasy, Horror",634,2013-07-01,Mark Atkins
96,tt0275773,2014-02-19,2014-02-19,,Versus,https://www.imdb.com/title/tt0275773/,movie,6.3,119,2000,"Action, Drama, Fantasy, Horror, Thriller",13357,2000-10-29,Ryûhei Kitamura
97,tt0082307,2014-02-19,2014-02-19,,...E tu vivrai nel terrore! L'aldilà,https://www.imdb.com/title/tt0082307/,movie,6.6,87,1981,Horror,23690,1981-04-29,Lucio Fulci
98,tt0225481,2014-02-19,2014-02-19,,The Dead Hate the Living!,https://www.imdb.com/title/tt0225481/,video,4.3,90,2000,"Horror, Comedy",1974,2000-02-08,Dave Parker
99,tt0106792,2014-02-19,2014-02-19,,Ed and His Dead Mother,https://www.imdb.com/title/tt0106792/,movie,6.0,93,1993,"Comedy, Horror",2238,1993-11-17,Jonathan Wacks
100,tt0086636,2014-02-19,2014-02-19,,Zeder,https://www.imdb.com/title/tt0086636/,movie,6.2,98,1983,"Horror, Mystery",2318,1983-06-30,Pupi Avati
101,tt0093777,2014-02-19,2014-02-19,,Prince of Darkness,https://www.imdb.com/title/tt0093777/,movie,6.7,102,1987,Horror,46123,1987-10-21,John Carpenter
102,tt0218088,2014-02-19,2014-02-19,,Cementerio del terror,https://www.imdb.com/title/tt0218088/,movie,5.4,91,1985,"Horror, Thriller",1145,1985-07-12,Rubén Galindo Jr.
103,tt0350774,2014-02-19,2014-02-19,,Dead & Breakfast,https://www.imdb.com/title/tt0350774/,movie,5.7,88,2004,"Comedy, Fantasy, Horror, Musical",6010,2004-03-16,Matthew Leutwyler
104,tt0415679,2014-02-19,2014-02-19,,Boy Eats Girl,https://www.imdb.com/title/tt0415679/,movie,4.9,80,2005,"Comedy, Fantasy, Horror",3951,2005-07-03,Stephen Bradley
105,tt0795505,2014-02-19,2014-02-19,,Undead or Alive: A Zombedy,https://www.imdb.com/title/tt0795505/,movie,5.1,91,2007,"Comedy, Horror, Western",2113,2007-03-10,Glasgow Phillips
106,tt0089254,2014-02-19,2014-02-19,,Hard Rock Zombies,https://www.imdb.com/title/tt0089254/,movie,4.4,98,1985,"Comedy, Horror, Music",1611,1985-08-28,Krishna Shah
107,tt1185390,2014-02-19,2014-02-19,,Saikyô heiki joshikôsei: Rika - zonbi hantâ vs saikyô zonbi Gurorian,https://www.imdb.com/title/tt1185390/,movie,5.2,86,2008,"Action, Horror",458,2008-02-18,Ken'ichi Fujiwara
108,tt0462485,2014-02-19,2014-02-19,,Poultrygeist: Night of the Chicken Dead,https://www.imdb.com/title/tt0462485/,movie,6.0,103,2006,"Comedy, Horror, Musical, Sci-Fi",8744,2006-12-29,Lloyd Kaufman
109,tt1781812,2014-02-19,2014-02-19,,Exit Humanity,https://www.imdb.com/title/tt1781812/,movie,5.3,114,2011,"Drama, Horror",4605,2011-09-18,John Geddes
110,tt0080057,2014-02-19,2014-02-19,,Zombi 2,https://www.imdb.com/title/tt0080057/,movie,6.8,91,1979,Horror,28853,1979-08-25,Lucio Fulci
111,tt0081248,2014-02-19,2014-02-19,,Le notti del terrore,https://www.imdb.com/title/tt0081248/,movie,5.6,85,1981,Horror,5857,1981-01-23,Andrea Bianchi
112,tt0465517,2014-02-19,2014-02-19,,Last Rites of the Dead,https://www.imdb.com/title/tt0465517/,movie,4.7,118,2006,"Comedy, Horror",717,2006-10-22,Marc Fratto
113,tt0109592,2014-02-19,2014-02-19,,Dellamorte dellamore,https://www.imdb.com/title/tt0109592/,movie,7.1,105,1994,"Comedy, Horror",22016,1994-03-25,Michele Soavi
114,tt1183276,2014-02-19,2014-02-19,,La horde,https://www.imdb.com/title/tt1183276/,movie,5.9,90,2009,"Action, Horror",15952,2009-08-28,"Yannick Dahan, Benjamin Rocher"
115,tt1650042,2014-02-19,2014-02-19,,Dead Season,https://www.imdb.com/title/tt1650042/,movie,4.6,85,2012,"Horror, Sci-Fi",3182,2012-05-15,Adam Deyoe
116,tt0063350,2014-02-19,2014-02-19,,Night of the Living Dead,https://www.imdb.com/title/tt0063350/,movie,7.8,96,1968,"Horror, Thriller",132070,1968-10-01,George A. Romero
117,tt0077402,2014-02-19,2014-02-19,,Dawn of the Dead,https://www.imdb.com/title/tt0077402/,movie,7.8,127,1978,"Horror, Thriller",123254,1978-09-01,George A. Romero
118,tt0088993,2014-02-19,2014-02-19,,Day of the Dead,https://www.imdb.com/title/tt0088993/,movie,7.1,101,1985,"Horror, Thriller",70945,1985-06-30,George A. Romero
119,tt0418819,2014-02-19,2014-02-19,,Land of the Dead,https://www.imdb.com/title/tt0418819/,movie,6.2,93,2005,"Horror, Sci-Fi, Thriller",98143,2005-06-18,George A. Romero
120,tt0848557,2014-02-19,2014-02-19,,Diary of the Dead,https://www.imdb.com/title/tt0848557/,movie,5.5,95,2007,"Fantasy, Horror, Sci-Fi, Thriller",48166,2007-09-08,George A. Romero
121,tt1134854,2014-02-19,2014-02-19,,Survival of the Dead,https://www.imdb.com/title/tt1134854/,movie,4.8,90,2009,"Comedy, Drama, Horror, Thriller",21890,2009-09-09,George A. Romero
122,tt0457572,2014-02-19,2014-02-19,,Fido,https://www.imdb.com/title/tt0457572/,movie,6.7,93,2006,"Comedy, Drama, Horror, Sci-Fi",29575,2006-09-07,Andrew Currie
123,tt1650516,2014-02-19,2014-02-19,,Dead Genesis,https://www.imdb.com/title/tt1650516/,movie,3.5,98,2010,"Action, Horror, Thriller",536,2010-04-17,Reese Eveneshen
124,tt0090094,2014-02-19,2014-02-19,,The Stuff,https://www.imdb.com/title/tt0090094/,movie,5.9,87,1985,"Comedy, Horror, Sci-Fi",17088,1985-03-30,Larry Cohen
125,tt1031280,2014-02-19,2014-02-19,,Splinter,https://www.imdb.com/title/tt1031280/,movie,6.1,82,2008,"Crime, Horror, Sci-Fi, Thriller",38909,2008-10-31,Toby Wilkins
126,tt0057295,2014-02-19,2014-02-19,,Matango,https://www.imdb.com/title/tt0057295/,movie,6.4,89,1963,"Horror, Mystery, Sci-Fi, Thriller",3292,1963-08-11,Ishirô Honda
127,tt1038988,2014-02-19,2014-02-19,,[Rec],https://www.imdb.com/title/tt1038988/,movie,7.4,78,2007,"Horror, Mystery, Thriller",185072,2007-08-29,"Jaume Balagueró, Paco Plaza"
128,tt0089013,2014-02-19,2014-02-19,,Dèmoni,https://www.imdb.com/title/tt0089013/,movie,6.6,88,1985,Horror,24624,1985-10-04,Lamberto Bava
129,tt1705134,2014-02-19,2014-02-19,,State of Emergency,https://www.imdb.com/title/tt1705134/,movie,5.2,90,2011,"Horror, Sci-Fi, Thriller",3084,2011-10-05,Turner Clay
130,tt1583356,2014-02-19,2014-02-19,,Rammbock,https://www.imdb.com/title/tt1583356/,movie,6.3,63,2010,"Action, Drama, Horror, Sci-Fi, Thriller",5767,2010-01-19,Marvin Kren
131,tt1928123,2014-02-19,2014-02-19,,Before Dawn,https://www.imdb.com/title/tt1928123/,movie,4.8,82,2013,Horror,846,2013-02-02,Dominic Brunt
132,tt1082868,2014-02-19,2014-02-19,,Quarantine,https://www.imdb.com/title/tt1082868/,movie,5.9,89,2008,"Horror, Sci-Fi, Thriller",74789,2008-10-10,John Erick Dowdle
133,tt0289043,2014-02-19,2014-02-19,,28 Days Later...,https://www.imdb.com/title/tt0289043/,movie,7.5,113,2002,"Drama, Horror, Sci-Fi, Thriller",421139,2002-11-01,Danny Boyle
134,tt0076590,2014-02-19,2014-02-19,,Rabid,https://www.imdb.com/title/tt0076590/,movie,6.3,91,1977,"Horror, Sci-Fi",19930,1977-04-08,David Cronenberg
135,tt0087796,2014-02-19,2014-02-19,,Night Shadows,https://www.imdb.com/title/tt0087796/,movie,5.0,99,1984,"Horror, Sci-Fi, Thriller",2573,1984-07-06,"Mark Rosman, John 'Bud' Cardos"
136,tt2081438,2014-02-19,2014-02-19,,Zombie Massacre,https://www.imdb.com/title/tt2081438/,movie,2.4,91,2013,"Action, Horror, Sci-Fi",1855,2013-07-01,"Luca Boni, Marco Ristori"
137,tt2446502,2014-02-19,2014-02-19,,Zombie Hunter,https://www.imdb.com/title/tt2446502/,movie,3.5,93,2013,"Action, Comedy, Horror",2750,2013-07-26,K. King
138,tt0117433,2014-02-19,2014-02-19,,The Rage,https://www.imdb.com/title/tt0117433/,movie,4.5,93,1997,"Action, Thriller",585,1997-06-25,Sidney J. Furie
139,tt0938347,2014-02-19,2014-02-19,,Virus Undead,https://www.imdb.com/title/tt0938347/,movie,3.6,95,2008,"Crime, Fantasy, Horror, Thriller",798,2008-06-30,"Wolf Wolff, Ohmuthi"
140,tt0887973,2014-02-19,2014-02-19,,Zibahkhana,https://www.imdb.com/title/tt0887973/,movie,5.3,77,2007,"Horror, Thriller",885,2007-03-31,Omar Khan
141,tt0080346,2014-02-19,2014-02-19,,The Alien Dead,https://www.imdb.com/title/tt0080346/,movie,2.7,74,1980,"Comedy, Horror, Sci-Fi",1195,1980-06-01,Fred Olen Ray
142,tt1023500,2014-02-19,2014-02-19,,Doghouse,https://www.imdb.com/title/tt1023500/,movie,6.0,89,2009,"Comedy, Horror, Sci-Fi",22387,2009-06-12,Jake West
143,tt0419706,2014-02-19,2014-02-19,,Doom,https://www.imdb.com/title/tt0419706/,movie,5.2,105,2005,"Action, Horror, Sci-Fi",115308,2005-10-20,Andrzej Bartkowiak
144,tt0473514,2014-02-19,2014-02-19,,Mulberry St,https://www.imdb.com/title/tt0473514/,movie,5.5,84,2006,"Horror, Sci-Fi, Thriller",6271,2006-11-16,Jim Mickle
145,tt1131742,2014-02-19,2014-02-19,,Mutants,https://www.imdb.com/title/tt1131742/,movie,2.3,83,2008,"Action, Horror, Sci-Fi",625,2008-08-30,Amir Valinia
146,tt1146320,2014-02-19,2014-02-19,,Mutants,https://www.imdb.com/title/tt1146320/,movie,5.5,95,2009,"Drama, Horror, Sci-Fi",4177,2009-01-31,David Morley
147,tt0480249,2014-02-19,2014-02-19,,I Am Legend,https://www.imdb.com/title/tt0480249/,movie,7.2,101,2007,"Action, Drama, Horror, Sci-Fi, Thriller",771118,2007-12-05,Francis Lawrence
148,tt0067525,2014-02-19,2014-02-19,,The Omega Man,https://www.imdb.com/title/tt0067525/,movie,6.4,98,1971,"Action, Drama, Sci-Fi, Thriller",32486,1971-08-01,Boris Sagal
149,tt0210740,2014-02-19,2014-02-19,,I Zombie: The Chronicles of Pain,https://www.imdb.com/title/tt0210740/,movie,5.4,79,1998,"Drama, Horror",765,1998-12-31,Andrew Parkinson
150,tt0301163,2014-02-19,2014-02-19,,Dead Creatures,https://www.imdb.com/title/tt0301163/,video,4.5,90,2001,"Drama, Horror, Thriller",346,2001-07-31,Andrew Parkinson
151,tt0080379,2014-02-19,2014-02-19,,Apocalypse domani,https://www.imdb.com/title/tt0080379/,movie,5.5,96,1980,"Drama, Fantasy, Horror, Thriller",3974,1980-08-04,Antonio Margheriti
152,tt0129332,2014-02-19,2014-02-19,,Ravenous,https://www.imdb.com/title/tt0129332/,movie,6.9,101,1999,"Adventure, Horror, Western",41133,1999-01-01,Antonia Bird
153,tt0365125,2014-02-19,2014-02-19,,A Dirty Shame,https://www.imdb.com/title/tt0365125/,movie,5.1,89,2004,Comedy,13141,2004-09-12,John Waters
154,tt0073705,2014-02-19,2014-02-19,,Shivers,https://www.imdb.com/title/tt0073705/,movie,6.4,87,1975,"Horror, Sci-Fi",21893,1975-09-26,David Cronenberg
155,tt0228333,2014-02-19,2014-02-19,,Ghosts of Mars,https://www.imdb.com/title/tt0228333/,movie,4.9,98,2001,"Action, Horror, Sci-Fi",55800,2001-08-24,John Carpenter
156,tt0067229,2014-02-19,2014-02-19,,I Drink Your Blood,https://www.imdb.com/title/tt0067229/,movie,5.9,83,1971,Horror,3876,1971-01-20,David E. Durston
157,tt0455407,2014-02-19,2014-02-19,,The Crazies,https://www.imdb.com/title/tt0455407/,movie,6.5,101,2010,"Adventure, Horror",123807,2010-02-23,Breck Eisner
158,tt1323917,2014-02-19,2014-02-19,,Fight or Flight,https://www.imdb.com/title/tt1323917/,movie,3.5,82,2010,"Action, Horror, Thriller",733,2010-04-01,George Mendeluk
159,tt0993841,2014-02-19,2014-02-19,,Dead Air,https://www.imdb.com/title/tt0993841/,movie,5.2,90,2009,"Horror, Sci-Fi, Thriller",2377,2009-10-27,Corbin Bernsen
160,tt1206082,2014-02-19,2014-02-19,,The Dead Outside,https://www.imdb.com/title/tt1206082/,movie,4.1,86,2008,"Horror, Mystery, Thriller",1304,2008-08-24,Kerry Anne Mullaney
161,tt0069895,2014-02-19,2014-02-19,,The Crazies,https://www.imdb.com/title/tt0069895/,movie,6.1,103,1973,"Action, Horror, Sci-Fi",13813,1973-03-16,George A. Romero
162,tt0780607,2014-02-19,2014-02-19,,The Signal,https://www.imdb.com/title/tt0780607/,movie,6.0,103,2007,"Horror, Sci-Fi, Thriller",21511,2007-01-22,"Jacob Gentry, David Bruckner, Dan Bush"
163,tt0127503,2014-02-19,2014-02-19,,Death House,https://www.imdb.com/title/tt0127503/,movie,4.2,90,1988,"Action, Horror, Sci-Fi",556,1988-12-01,John Saxon
164,tt0080448,2014-02-19,2014-02-19,,Bloodeaters,https://www.imdb.com/title/tt0080448/,movie,3.9,89,1980,Horror,1051,1980-10-31,Charles McCrann
165,tt0078077,2014-02-19,2014-02-19,,Les raisins de la mort,https://www.imdb.com/title/tt0078077/,movie,6.1,85,1978,Horror,2581,1978-07-05,Jean Rollin
166,tt1641975,2014-02-19,2014-02-19,,Citadel,https://www.imdb.com/title/tt1641975/,movie,5.4,84,2012,"Drama, Horror, Thriller",7143,2012-03-11,Ciarán Foy
167,tt0075462,2014-02-19,2014-02-19,,¿Quién puede matar a un niño?,https://www.imdb.com/title/tt0075462/,movie,7.2,112,1976,"Adventure, Horror, Mystery, Thriller",7569,1976-04-26,Narciso Ibáñez Serrador
168,tt0479125,2014-02-19,2014-02-19,,The Plague,https://www.imdb.com/title/tt0479125/,video,4.5,88,2006,Horror,4439,2006-09-05,Hal Masonberg
169,tt0087799,2014-02-19,2014-02-19,,Night of the Comet,https://www.imdb.com/title/tt0087799/,movie,6.3,95,1984,"Comedy, Horror, Sci-Fi",21929,1984-08-31,Thom Eberhardt
170,tt0123948,2014-02-19,2014-02-19,,Cure,https://www.imdb.com/title/tt0123948/,movie,7.4,111,1997,"Crime, Horror, Mystery, Thriller",17459,1997-11-06,Kiyoshi Kurosawa
171,tt0441741,2014-02-19,2014-02-19,,The Cabinet of Dr. Caligari,https://www.imdb.com/title/tt0441741/,movie,5.6,76,2005,"Drama, Horror, Mystery, Thriller",737,2005-10-22,David Lee Fisher
172,tt0057181,2014-02-19,2014-02-19,,The Incredibly Strange Creatures Who Stopped Living and Became Mixed-Up Zombies!!?,https://www.imdb.com/title/tt0057181/,movie,2.3,82,1964,Horror,5169,1964-02-10,Ray Dennis Steckler
173,tt0094383,2014-02-19,2014-02-19,,Zombie High,https://www.imdb.com/title/tt0094383/,movie,4.2,93,1987,"Comedy, Horror",1318,1987-10-02,Ron Link
174,tt0051064,2014-02-19,2014-02-19,,Teenage Zombies,https://www.imdb.com/title/tt0051064/,movie,2.9,73,1959,"Horror, Sci-Fi",1163,1959-11-18,Jerry Warren
175,tt2521668,2014-02-19,2014-02-19,,Les revenants,https://www.imdb.com/title/tt2521668/,tvSeries,8.1,52,2012,"Drama, Fantasy, Horror, Mystery",20742,2012-11-26,
176,tt0286751,2014-02-19,2014-02-19,,Kairo,https://www.imdb.com/title/tt0286751/,movie,6.5,119,2001,"Horror, Mystery, Sci-Fi, Thriller",22358,2001-02-03,Kiyoshi Kurosawa
177,tt0454919,2014-02-19,2014-02-19,,Pulse,https://www.imdb.com/title/tt0454919/,movie,4.7,90,2006,"Horror, Sci-Fi, Thriller",29831,2006-08-09,Jim Sonzero
178,tt0067630,2014-02-19,2014-02-19,,Psychomania,https://www.imdb.com/title/tt0067630/,movie,5.7,85,1973,"Adventure, Horror",2943,1973-01-05,Don Sharp
179,tt0083767,2014-02-19,2014-02-19,,Creepshow,https://www.imdb.com/title/tt0083767/,movie,6.8,120,1982,"Comedy, Fantasy, Horror",49776,1982-05-20,George A. Romero
180,tt0068370,2014-02-19,2014-02-19,,Children Shouldn't Play with Dead Things,https://www.imdb.com/title/tt0068370/,movie,5.3,87,1972,"Comedy, Horror",4709,1972-06-09,Bob Clark
181,tt0081027,2014-02-19,2014-02-19,,Le lac des morts vivants,https://www.imdb.com/title/tt0081027/,movie,3.1,90,1981,Horror,3456,1981-05-13,"Julian de Laserna, Jean Rollin"
182,tt0082237,2014-02-19,2014-02-19,,Dawn of the Mummy,https://www.imdb.com/title/tt0082237/,movie,3.8,93,1981,Horror,1181,1981-12-11,Frank Agrama
183,tt0086486,2014-02-19,2014-02-19,,La tumba de los muertos vivientes,https://www.imdb.com/title/tt0086486/,movie,2.7,82,1982,Horror,2510,1982-04-21,Jesús Franco
184,tt1336006,2014-02-19,2014-02-19,,The Revenant,https://www.imdb.com/title/tt1336006/,movie,6.3,117,2009,"Comedy, Fantasy, Horror",11124,2009-08-16,D. Kerry Prior
185,tt0107626,2014-02-19,2014-02-19,,My Boyfriend's Back,https://www.imdb.com/title/tt0107626/,movie,5.4,85,1993,"Comedy, Fantasy, Horror, Romance",4781,1993-08-06,Bob Balaban
186,tt0107953,2014-02-19,2014-02-19,,Return of the Living Dead III,https://www.imdb.com/title/tt0107953/,movie,5.9,97,1993,Horror,15750,1993-06-05,Brian Yuzna
187,tt0089907,2014-02-19,2014-02-19,,The Return of the Living Dead,https://www.imdb.com/title/tt0089907/,movie,7.3,91,1985,"Comedy, Horror, Sci-Fi",63617,1985-04-18,Dan O'Bannon
188,tt0095990,2014-02-19,2014-02-19,,Return of the Living Dead: Part II,https://www.imdb.com/title/tt0095990/,movie,5.7,89,1988,"Comedy, Horror, Sci-Fi",20438,1988-01-08,Ken Wiederhorn
189,tt0368296,2014-02-19,2014-02-19,,Stacy,https://www.imdb.com/title/tt0368296/,movie,5.1,80,2001,"Comedy, Horror",1628,2001-08-18,Naoyuki Tomomatsu
190,tt0103873,2014-02-19,2014-02-19,,Braindead,https://www.imdb.com/title/tt0103873/,movie,7.5,104,1992,"Comedy, Fantasy, Horror, Thriller",99266,1992-06-04,Peter Jackson
191,tt0094962,2014-02-19,2014-02-19,,The Dead Next Door,https://www.imdb.com/title/tt0094962/,movie,5.0,78,1989,Horror,3250,1989-11-30,J.R. Bookwalter
192,tt0879265,2014-02-19,2014-02-19,,Zonbi jieitai,https://www.imdb.com/title/tt0879265/,movie,4.6,75,2006,"Action, Comedy, Horror, Sci-Fi",451,2006-04-23,Naoyuki Tomomatsu
193,tt0212430,2014-02-19,2014-02-19,,Plaga zombie,https://www.imdb.com/title/tt0212430/,video,5.4,69,1997,"Comedy, Horror",446,2006-02-16,"Hernán Sáez, Pablo Parés"
194,tt0071396,2014-02-19,2014-02-19,,Messiah of Evil,https://www.imdb.com/title/tt0071396/,movie,6.3,90,1973,Horror,4854,1973-04-23,"Gloria Katz, Willard Huyck"
195,tt0101497,2014-02-19,2014-02-19,,The Boneyard,https://www.imdb.com/title/tt0101497/,movie,5.6,98,1991,"Fantasy, Horror",1371,1991-06-12,James Cummins
196,tt0083907,2014-02-19,2014-02-19,,The Evil Dead,https://www.imdb.com/title/tt0083907/,movie,7.4,85,1981,Horror,214867,1981-10-15,Sam Raimi
197,tt0067500,2014-02-19,2014-02-19,,La noche del terror ciego,https://www.imdb.com/title/tt0067500/,movie,6.1,101,1972,"Adventure, Horror, Thriller",6062,1972-04-10,Amando de Ossorio
198,tt1259521,2014-02-19,2014-02-19,,The Cabin in the Woods,https://www.imdb.com/title/tt1259521/,movie,7.0,95,2011,"Horror, Mystery, Thriller",426482,2011-12-11,Drew Goddard
199,tt0758746,2014-02-19,2014-02-19,,Friday the 13th,https://www.imdb.com/title/tt0758746/,movie,5.5,97,2009,"Horror, Mystery, Thriller",110598,2009-02-09,Marcus Nispel
200,tt0095583,2014-02-19,2014-02-19,,Maniac Cop,https://www.imdb.com/title/tt0095583/,movie,6.0,85,1988,"Action, Crime, Horror, Mystery",18184,1988-03-31,William Lustig
201,tt0118025,2014-02-19,2014-02-19,,Uncle Sam,https://www.imdb.com/title/tt0118025/,video,4.5,89,1996,"Comedy, Horror",3293,1996-11-13,William Lustig
202,tt1191114,2014-02-19,2014-02-19,,The Gates of Hell,https://www.imdb.com/title/tt1191114/,movie,4.2,88,2008,"Horror, Thriller",181,2008-10-18,Kelly Dolen
203,tt0892899,2014-02-19,2014-02-19,,Outpost,https://www.imdb.com/title/tt0892899/,movie,5.8,90,2008,"Action, Horror, Sci-Fi, War",17518,2008-03-11,Steve Barker
204,tt0155350,2014-02-19,2014-02-19,,The Video Dead,https://www.imdb.com/title/tt0155350/,video,5.0,90,1987,Horror,4334,1987-10-15,Robert Scott
205,tt0082242,2014-02-19,2014-02-19,,Dead & Buried,https://www.imdb.com/title/tt0082242/,movie,6.5,94,1981,"Horror, Mystery",13680,1981-05-29,Gary Sherman
206,tt0104070,2014-02-19,2014-02-19,,Death Becomes Her,https://www.imdb.com/title/tt0104070/,movie,6.6,104,1992,"Comedy, Fantasy, Horror",122822,1992-07-13,Robert Zemeckis
207,tt0111159,2014-02-19,2014-02-19,,Shatter Dead,https://www.imdb.com/title/tt0111159/,movie,4.2,84,1994,Horror,704,1994-12-13,Scooter McCrae
208,tt0120804,2014-02-19,2014-02-19,,Resident Evil,https://www.imdb.com/title/tt0120804/,movie,6.6,100,2002,"Action, Horror, Sci-Fi",275925,2002-03-12,Paul W.S. Anderson
209,tt2141875,2014-03-04,2014-03-04,,Osombie,https://www.imdb.com/title/tt2141875/,movie,3.6,92,2012,"Action, Horror",1649,2012-05-05,John Lyde
210,tt1865346,2014-03-04,2014-03-04,,Detention of the Dead,https://www.imdb.com/title/tt1865346/,movie,4.5,87,2012,"Action, Adventure, Comedy, Horror, Sci-Fi, Thriller",2737,2012-04-27,Alex Craig Mann
211,tt2140429,2014-03-04,2014-03-04,,Stalled,https://www.imdb.com/title/tt2140429/,movie,4.7,84,2013,"Comedy, Horror",2030,2013-07-19,Christian James
212,tt0225156,2014-03-04,2014-03-04,,Batoru gâru: Tokyo crisis wars,https://www.imdb.com/title/tt0225156/,video,4.6,73,1991,"Action, Horror",176,1991-11-08,Kazuo 'Gaira' Komizu
213,tt2297164,2014-03-04,2014-03-04,,In-lyu-myeol-mang-bo-go-seo,https://www.imdb.com/title/tt2297164/,movie,5.8,115,2012,"Comedy, Drama, Fantasy, Sci-Fi",3436,2012-04-11,"Jee-woon Kim, Pil-sung Yim"
214,tt0276500,2014-03-04,2014-03-04,,Sheng hua te jing: Sang shi ren wu,https://www.imdb.com/title/tt0276500/,movie,5.1,89,2000,"Comedy, Horror",151,2000-11-29,Wai-Man Cheng
215,tt1588173,2014-05-04,2014-05-04,,Warm Bodies,https://www.imdb.com/title/tt1588173/,movie,6.8,98,2013,"Comedy, Horror, Romance",234785,2013-01-16,Jonathan Levine
216,tt0432021,2014-05-10,2014-05-10,,Resident Evil: Extinction,https://www.imdb.com/title/tt0432021/,movie,6.2,94,2007,"Action, Horror, Sci-Fi",198749,2007-09-20,Russell Mulcahy
217,tt2570436,2014-06-30,2014-06-30,,Army of the Damned,https://www.imdb.com/title/tt2570436/,movie,3.7,85,2013,Horror,514,2013-12-03,Tom DeNucci
218,tt0906788,2014-08-10,2014-08-10,,Zombies! Zombies! Zombies!,https://www.imdb.com/title/tt0906788/,video,3.7,82,2008,"Comedy, Horror",2432,2008-09-09,Jason Murphy
219,tt1192613,2014-08-10,2014-08-10,,Onechanbara: The Movie,https://www.imdb.com/title/tt1192613/,movie,4.7,80,2008,"Action, Horror",1341,2008-04-30,Yôhei Fukuda
220,tt0088501,2014-08-10,2014-08-10,,Dead Head,https://www.imdb.com/title/tt0088501/,tvMiniSeries,7.7,50,1986,Drama,98,1986-01-15,
221,tt1912982,2014-08-10,2014-08-10,,A Little Bit Zombie,https://www.imdb.com/title/tt1912982/,movie,5.3,87,2012,"Comedy, Horror, Sci-Fi",2898,2012-02-04,Casey Walker
222,tt0369359,2014-08-10,2014-08-10,,Dead Meat,https://www.imdb.com/title/tt0369359/,movie,4.7,80,2004,"Action, Comedy, Horror, Sci-Fi",2306,2004-10-31,Conor McMahon
223,tt0087746,2014-08-10,2014-08-10,,Mortuary,https://www.imdb.com/title/tt0087746/,movie,5.1,93,1982,Horror,2516,1982-05-07,Howard Avedis
224,tt1245112,2014-08-10,2014-08-10,,[Rec]²,https://www.imdb.com/title/tt1245112/,movie,6.5,85,2009,"Horror, Thriller",74947,2009-09-02,"Jaume Balagueró, Paco Plaza"
225,tt2523692,2014-08-10,2014-08-10,,Decay,https://www.imdb.com/title/tt2523692/,movie,3.8,76,2012,Horror,439,2012-11-29,"Michael Mazur, Luke Thompson"
226,tt0829176,2014-08-10,2014-08-10,,Gallowwalkers,https://www.imdb.com/title/tt0829176/,movie,3.6,92,2012,"Action, Adventure, Fantasy, Horror, Thriller, Western",7951,2012-10-06,Andrew Goth
227,tt1296899,2014-08-10,2014-08-10,,Wake Wood,https://www.imdb.com/title/tt1296899/,movie,5.5,90,2009,"Drama, Horror, Thriller",8587,2009-09-25,David Keating
228,tt0378417,2014-08-10,2014-08-10,,Die Nacht der lebenden Loser,https://www.imdb.com/title/tt0378417/,movie,5.6,89,2004,"Comedy, Horror",2871,2004-11-04,Matthias Dinter
229,tt0070078,2014-08-10,2014-08-10,,From Beyond the Grave,https://www.imdb.com/title/tt0070078/,movie,6.6,98,1974,"Drama, Fantasy, Horror",4794,1974-02-21,Kevin Connor
230,tt0088263,2014-08-10,2014-08-10,,Michael Jackson: Thriller,https://www.imdb.com/title/tt0088263/,musicVideo,8.7,13,1983,"Horror, Music",17595,1983-11-21,John Landis
231,tt0055409,2014-08-10,2014-08-10,,Santo contra los zombies,https://www.imdb.com/title/tt0055409/,movie,5.3,85,1962,"Adventure, Horror, Action, Sci-Fi",223,1962-05-31,Benito Alazraki
232,tt0122037,2014-08-10,2014-08-10,,The Dead Pit,https://www.imdb.com/title/tt0122037/,movie,5.3,95,1989,Horror,2702,1989-05-31,Brett Leonard
233,tt0081318,2014-08-10,2014-08-10,,Paura nella città dei morti viventi,https://www.imdb.com/title/tt0081318/,movie,6.2,93,1980,Horror,18165,1980-08-11,Lucio Fulci
234,tt0470000,2014-08-10,2014-08-10,,Wicked Little Things,https://www.imdb.com/title/tt0470000/,movie,5.0,94,2006,"Drama, Fantasy, Horror",8488,2006-11-17,J.S. Cardone
235,tt0282672,2014-08-10,2014-08-10,,Ladrones de tumbas,https://www.imdb.com/title/tt0282672/,movie,6.2,88,1989,"Horror, Mystery, Thriller",901,1989-11-03,Rubén Galindo Jr.
236,tt0121164,2014-08-10,2014-08-10,,Corpse Bride,https://www.imdb.com/title/tt0121164/,movie,7.3,77,2005,"Animation, Drama, Family, Fantasy, Musical, Romance",280841,2005-09-07,"Tim Burton, Mike Johnson"
237,tt0098600,2014-08-10,2014-08-10,,The Vineyard,https://www.imdb.com/title/tt0098600/,movie,4.7,95,1989,Horror,957,1989-07-21,"James Hong, William Rice"
238,tt1037229,2014-08-10,2014-08-10,,Yoroi: Samurai zonbi,https://www.imdb.com/title/tt1037229/,movie,5.0,91,2008,"Action, Horror",250,2008-07-21,Tak Sakaguchi
239,tt0068457,2014-08-10,2014-08-10,,Dead of Night,https://www.imdb.com/title/tt0068457/,movie,6.6,88,1974,"Drama, Horror, Thriller",5515,1974-08-29,Bob Clark
240,tt1699231,2014-08-10,2014-08-10,,Quarantine 2: Terminal,https://www.imdb.com/title/tt1699231/,movie,5.2,86,2011,"Horror, Sci-Fi, Thriller",20164,2011-01-27,John Pogue
241,tt0497432,2014-08-10,2014-08-10,,The Rage,https://www.imdb.com/title/tt0497432/,movie,4.2,85,2007,Horror,1941,2007-07-13,Robert Kurtzman
242,tt0083629,2014-08-10,2014-08-10,,The Beast Within,https://www.imdb.com/title/tt0083629/,movie,5.6,98,1982,Horror,4207,1982-02-12,Philippe Mora
243,tt0848552,2014-08-10,2014-08-10,,The Mad,https://www.imdb.com/title/tt0848552/,movie,4.7,83,2007,"Action, Comedy, Horror, Sci-Fi, Thriller",1845,2007-05-22,Johnny Kalangis
244,tt2965056,2014-08-10,2014-08-10,,"I, Zombie",https://www.imdb.com/title/tt2965056/,short,5.2,8,2013,"Short, Comedy, Drama, Thriller",113,2013-06-29,Dave Kilgore
245,tt0089002,2014-08-10,2014-08-10,,Death Warmed Up,https://www.imdb.com/title/tt0089002/,movie,4.5,82,1984,"Horror, Sci-Fi",1282,1984-11-30,David Blyth
246,tt1226681,2014-08-10,2014-08-10,,Pontypool,https://www.imdb.com/title/tt1226681/,movie,6.5,93,2008,"Horror, Sci-Fi",33301,2008-09-06,Bruce McDonald
247,tt0074226,2014-08-10,2014-08-10,,Blue Sunshine,https://www.imdb.com/title/tt0074226/,movie,6.0,94,1977,"Horror, Thriller",3033,1977-09-03,Jeff Lieberman
248,tt0010323,2014-08-10,2014-08-10,,Das Cabinet des Dr. Caligari,https://www.imdb.com/title/tt0010323/,movie,8.0,76,1920,"Horror, Mystery, Thriller",65778,1920-02-26,Robert Wiene
249,tt2140553,2014-08-10,2014-08-10,,The Last of Us,https://www.imdb.com/title/tt2140553/,videoGame,9.7,,2013,"Action, Adventure, Drama, Horror, Sci-Fi, Thriller",68463,2013-06-14,"Bruce Straley, Neil Druckmann"
250,tt0463854,2014-08-10,2014-08-10,,28 Weeks Later,https://www.imdb.com/title/tt0463854/,movie,6.9,100,2007,"Action, Adventure, Horror, Sci-Fi",281171,2007-04-26,Juan Carlos Fresnadillo
251,tt2006890,2014-08-10,2014-08-10,,The Walking Dead: The Game - Season 1,https://www.imdb.com/title/tt2006890/,videoGame,9.2,,2012,"Drama, Horror, Sci-Fi, Thriller",13515,2012-04-24,"Jake Rodkin, Nick Herman, Dennis Lenart, Eric Parsons, Sean Ainsworth, Sean Vanaman"
252,tt1520211,2014-08-10,2014-08-10,,The Walking Dead,https://www.imdb.com/title/tt1520211/,tvSeries,8.1,44,2010,"Drama, Horror, Thriller",1013197,2010-10-31,
253,tt0318627,2014-08-10,2014-08-10,,Resident Evil: Apocalypse,https://www.imdb.com/title/tt0318627/,movie,6.1,94,2004,"Action, Horror, Sci-Fi, Thriller",202879,2004-08-23,Alexander Witt
254,tt1220634,2014-08-10,2014-08-10,,Resident Evil: Afterlife,https://www.imdb.com/title/tt1220634/,movie,5.8,96,2010,"Action, Horror, Sci-Fi",174093,2010-09-02,Paul W.S. Anderson
255,tt1855325,2014-08-10,2014-08-10,,Resident Evil: Retribution,https://www.imdb.com/title/tt1855325/,movie,5.3,95,2012,"Action, Horror, Sci-Fi, Thriller",144997,2012-09-03,Paul W.S. Anderson
256,tt2758950,2014-08-10,2014-08-10,,Helix,https://www.imdb.com/title/tt2758950/,tvSeries,6.7,40,2014,"Drama, Horror, Mystery, Sci-Fi, Thriller",29942,2014-01-10,
257,tt2480514,2014-08-10,2014-08-10,,In the Flesh,https://www.imdb.com/title/tt2480514/,tvSeries,7.9,56,2013,"Comedy, Drama, Horror",13514,2013-03-17,
258,tt3843168,2014-08-10,2014-08-10,,Z Nation,https://www.imdb.com/title/tt3843168/,tvSeries,6.7,44,2014,"Action, Comedy, Drama, Horror, Romance, Sci-Fi",37501,2014-09-12,
259,tt2917336,2014-08-16,2014-08-16,,The Dead 2: India,https://www.imdb.com/title/tt2917336/,movie,5.1,98,2013,Horror,2085,2013-08-22,"Howard J. Ford, Jonathan Ford"
260,tt1826956,2014-08-16,2014-08-16,,Operation Ragnarök,https://www.imdb.com/title/tt1826956/,movie,3.1,89,2018,"Action, Drama, Sci-Fi, Thriller",477,2018-12-07,Fredrik Hiller
261,tt1927012,2014-08-16,2014-08-16,,Dead Shadows,https://www.imdb.com/title/tt1927012/,movie,3.8,75,2012,"Horror, Sci-Fi",1213,2012-09-10,David Cholewa
262,tt2832470,2014-08-16,2014-08-16,,Død snø 2,https://www.imdb.com/title/tt2832470/,movie,6.8,100,2014,"Action, Comedy, Fantasy, Horror",25550,2014-01-19,Tommy Wirkola
263,tt2581244,2014-08-16,2014-08-16,,Life After Beth,https://www.imdb.com/title/tt2581244/,movie,5.6,89,2014,"Comedy, Fantasy, Horror, Romance",22383,2014-01-19,Jeff Baena
264,tt2836260,2014-08-16,2014-08-16,,Chrysalis,https://www.imdb.com/title/tt2836260/,movie,4.7,100,2014,"Drama, Horror, Sci-Fi",978,2014-04-24,John Klein
265,tt2784512,2014-08-16,2014-08-16,,Zombeavers,https://www.imdb.com/title/tt2784512/,movie,4.8,77,2014,"Comedy, Horror",19136,2014-04-13,Jordan Rubin
266,tt3608654,2014-08-16,2014-08-16,,The Coed and the Zombie Stoner,https://www.imdb.com/title/tt3608654/,movie,3.6,91,2014,"Comedy, Horror, Sci-Fi",1496,2014-04-18,Glenn Miller
267,tt1512222,2014-08-16,2014-08-16,,Night of the Living Dead: Darkest Dawn,https://www.imdb.com/title/tt1512222/,movie,3.8,62,2015,"Animation, Action, Horror",436,2015-10-05,"Zebediah De Soto, Krisztian Majdik"
268,tt2787824,2014-08-16,2014-08-16,,Goal of the Dead,https://www.imdb.com/title/tt2787824/,movie,5.5,140,2014,"Comedy, Horror",1574,2014-02-27,"Thierry Poiraud, Benjamin Rocher"
269,tt2573822,2014-08-16,2014-08-16,,Utopia,https://www.imdb.com/title/tt2573822/,movie,6.7,72,2013,"Horror, Music",82,2013-03-17,Daniel William Bones
270,tt2450186,2014-08-16,2014-08-16,,V/H/S/2,https://www.imdb.com/title/tt2450186/,movie,6.0,96,2013,"Horror, Sci-Fi",41465,2013-01-19,"Gregg Hale, Jason Eisener, Adam Wingard, Simon Barrett, Eduardo Sánchez, Gareth Evans, Timo Tjahjanto"
271,tt2105044,2014-08-16,2014-08-16,,V/H/S,https://www.imdb.com/title/tt2105044/,movie,5.8,116,2012,Horror,64678,2012-01-22,"Adam Wingard, Tyler Gillett, Matt Bettinelli-Olpin, David Bruckner, Glenn McQuaid, Chad Villella, Joe Swanberg, Justin Martinez, Radio Silence, Ti West"
272,tt1835129,2014-10-19,2014-10-19,,Death Valley,https://www.imdb.com/title/tt1835129/,tvSeries,7.7,22,2011,"Comedy, Horror",5514,2011-08-29,
