,Title,Title Type,IMDb Rating,Runtime (mins),Year,Genres,Num Votes,Release Date,Directors,Horror,Sci-Fi,Drama,Thriller,Comedy,Adventure,Action,Adult,Mystery,Crime,Romance,War,Fantasy,Animation,Musical,Family,Western,Title_Dead,Title_Zombie
247,Das Cabinet des Dr. Caligari,movie,8.0,76.0,1920,"Horror, Mystery, Thriller",65778,1920-02-26,Robert Wiene,True,False,False,True,False,False,False,False,True,False,False,False,False,False,False,False,False,False,False
85,White Zombie,movie,6.2,69.0,1932,Horror,10982,1932-07-28,Victor Halperin,True,False,False,False,False,False,False,False,False,False,False,False,False,False,False,False,False,False,True
48,The Walking Dead,movie,6.6,66.0,1936,"Crime, Drama, Horror, Sci-Fi",2789,1936-03-01,Michael Curtiz,True,True,True,False,False,False,False,False,False,True,False,False,False,False,False,False,False,True,False
86,Revolt of the Zombies,movie,3.4,65.0,1936,"Adventure, Horror",1779,1936-06-04,Victor Halperin,True,False,False,False,False,True,False,False,False,False,False,False,False,False,False,False,False,False,True
87,King of the Zombies,movie,5.2,67.0,1941,"Adventure, Comedy, Horror",2340,1941-05-14,Jean Yarbrough,True,False,False,False,True,True,False,False,False,False,False,False,False,False,False,False,False,False,True
84,I Walked with a Zombie,movie,7.0,69.0,1943,"Drama, Fantasy, Horror, Romance",12861,1943-04-08,Jacques Tourneur,True,False,True,False,False,False,False,False,False,False,True,False,True,False,False,False,False,False,True
43,Revenge of the Zombies,movie,4.6,61.0,1943,"Drama, Horror, Thriller",752,1943-09-17,Steve Sekely,True,False,True,True,False,False,False,False,False,False,False,False,False,False,False,False,False,False,True
42,Creature with the Atom Brain,movie,5.5,69.0,1955,"Crime, Horror, Sci-Fi, Thriller",1542,1955-06-22,Edward L. Cahn,True,True,False,True,False,False,False,False,False,True,False,False,False,False,False,False,False,False,False
77,Plan 9 from Outer Space,movie,3.9,79.0,1957,"Horror, Sci-Fi",39203,1957-03-15,Edward D. Wood Jr.,True,True,False,False,False,False,False,False,False,False,False,False,False,False,False,False,False,False,False
76,The Trollenberg Terror,movie,5.1,84.0,1958,"Horror, Sci-Fi",4437,1958-10-07,Quentin Lawrence,True,True,False,False,False,False,False,False,False,False,False,False,False,False,False,False,False,False,False
80,Invisible Invaders,movie,5.0,67.0,1959,"Sci-Fi, Horror",1710,1959-05-15,Edward L. Cahn,True,True,False,False,False,False,False,False,False,False,False,False,False,False,False,False,False,False,False
173,Teenage Zombies,movie,2.9,73.0,1959,"Horror, Sci-Fi",1163,1959-11-18,Jerry Warren,True,True,False,False,False,False,False,False,False,False,False,False,False,False,False,False,False,False,True
230,Santo contra los zombies,movie,5.3,85.0,1962,"Adventure, Horror, Action, Sci-Fi",223,1962-05-31,Benito Alazraki,True,True,False,False,False,True,True,False,False,False,False,False,False,False,False,False,False,False,False
125,Matango,movie,6.4,89.0,1963,"Horror, Mystery, Sci-Fi, Thriller",3292,1963-08-11,Ishirô Honda,True,True,False,True,False,False,False,False,True,False,False,False,False,False,False,False,False,False,False
171,The Incredibly Strange Creatures Who Stopped Living and Became Mixed-Up Zombies!!?,movie,2.3,82.0,1964,Horror,5169,1964-02-10,Ray Dennis Steckler,True,False,False,False,False,False,False,False,False,False,False,False,False,False,False,False,False,False,True
78,The Earth Dies Screaming,movie,5.8,62.0,1964,"Horror, Sci-Fi",2049,1964-10-04,Terence Fisher,True,True,False,False,False,False,False,False,False,False,False,False,False,False,False,False,False,False,False
90,The Plague of the Zombies,movie,6.6,90.0,1966,Horror,5214,1966-01-09,John Gilling,True,False,False,False,False,False,False,False,False,False,False,False,False,False,False,False,False,False,True
53,The Frozen Dead,movie,5.0,95.0,1966,"Horror, Sci-Fi",1002,1966-10-31,Herbert J. Leder,True,True,False,False,False,False,False,False,False,False,False,False,False,False,False,False,False,True,False
115,Night of the Living Dead,movie,7.8,96.0,1968,"Horror, Thriller",132070,1968-10-01,George A. Romero,True,False,False,True,False,False,False,False,False,False,False,False,False,False,False,False,False,True,False
155,I Drink Your Blood,movie,5.9,83.0,1971,Horror,3876,1971-01-20,David E. Durston,True,False,False,False,False,False,False,False,False,False,False,False,False,False,False,False,False,False,False
147,The Omega Man,movie,6.4,98.0,1971,"Action, Drama, Sci-Fi, Thriller",32486,1971-08-01,Boris Sagal,False,True,True,True,False,False,True,False,False,False,False,False,False,False,False,False,False,False,False
82,Zombie,movie,3.5,92.0,1971,Horror,1575,1971-10-29,Del Tenney,True,False,False,False,False,False,False,False,False,False,False,False,False,False,False,False,False,False,True
196,La noche del terror ciego,movie,6.1,101.0,1972,"Adventure, Horror, Thriller",6062,1972-04-10,Amando de Ossorio,True,False,False,True,False,True,False,False,False,False,False,False,False,False,False,False,False,False,False
179,Children Shouldn't Play with Dead Things,movie,5.3,87.0,1972,"Comedy, Horror",4709,1972-06-09,Bob Clark,True,False,False,False,True,False,False,False,False,False,False,False,False,False,False,False,False,True,False
50,Garden of the Dead,movie,4.0,59.0,1972,"Sci-Fi, Horror",559,1972-09-13,John Hayes,True,True,False,False,False,False,False,False,False,False,False,False,False,False,False,False,False,True,False
75,Pánico en el Transiberiano,movie,6.5,91.0,1972,"Adventure, Horror, Sci-Fi, Thriller",11580,1972-09-30,Eugenio Martín,True,True,False,True,False,True,False,False,False,False,False,False,False,False,False,False,False,False,False
177,Psychomania,movie,5.7,85.0,1973,"Adventure, Horror",2943,1973-01-05,Don Sharp,True,False,False,False,False,True,False,False,False,False,False,False,False,False,False,False,False,False,False
160,The Crazies,movie,6.1,103.0,1973,"Action, Horror, Sci-Fi",13813,1973-03-16,George A. Romero,True,True,False,False,False,False,True,False,False,False,False,False,False,False,False,False,False,False,False
193,Messiah of Evil,movie,6.3,90.0,1973,Horror,4854,1973-04-23,"Gloria Katz, Willard Huyck",True,False,False,False,False,False,False,False,False,False,False,False,False,False,False,False,False,False,False
88,Sugar Hill,movie,5.8,91.0,1974,"Action, Crime, Horror",2156,1974-02-06,Paul Maslansky,True,False,False,False,False,False,True,False,False,True,False,False,False,False,False,False,False,False,False
228,From Beyond the Grave,movie,6.6,98.0,1974,"Drama, Fantasy, Horror",4794,1974-02-21,Kevin Connor,True,False,True,False,False,False,False,False,False,False,False,False,True,False,False,False,False,False,False
238,Dead of Night,movie,6.6,88.0,1974,"Drama, Horror, Thriller",5515,1974-08-29,Bob Clark,True,False,True,True,False,False,False,False,False,False,False,False,False,False,False,False,False,True,False
28,No profanar el sueño de los muertos,movie,6.8,95.0,1974,Horror,8619,1974-09-30,Jorge Grau,True,False,False,False,False,False,False,False,False,False,False,False,False,False,False,False,False,False,False
153,Shivers,movie,6.4,87.0,1975,"Horror, Sci-Fi",21893,1975-09-26,David Cronenberg,True,True,False,False,False,False,False,False,False,False,False,False,False,False,False,False,False,False,False
166,¿Quién puede matar a un niño?,movie,7.2,112.0,1976,"Adventure, Horror, Mystery, Thriller",7569,1976-04-26,Narciso Ibáñez Serrador,True,False,False,True,False,True,False,False,True,False,False,False,False,False,False,False,False,False,False
133,Rabid,movie,6.3,91.0,1977,"Horror, Sci-Fi",19930,1977-04-08,David Cronenberg,True,True,False,False,False,False,False,False,False,False,False,False,False,False,False,False,False,False,False
47,Shock Waves,movie,5.5,85.0,1977,"Horror, Mystery, Sci-Fi",5807,1977-06-22,Ken Wiederhorn,True,True,False,False,False,False,False,False,True,False,False,False,False,False,False,False,False,False,False
246,Blue Sunshine,movie,6.0,94.0,1977,"Horror, Thriller",3033,1977-09-03,Jeff Lieberman,True,False,False,True,False,False,False,False,False,False,False,False,False,False,False,False,False,False,False
164,Les raisins de la mort,movie,6.1,85.0,1978,Horror,2581,1978-07-05,Jean Rollin,True,False,False,False,False,False,False,False,False,False,False,False,False,False,False,False,False,False,False
116,Dawn of the Dead,movie,7.8,127.0,1978,"Horror, Thriller",123254,1978-09-01,George A. Romero,True,False,False,True,False,False,False,False,False,False,False,False,False,False,False,False,False,True,False
81,Phantasm,movie,6.6,89.0,1979,"Horror, Sci-Fi",38432,1979-01-31,Don Coscarelli,True,True,False,False,False,False,False,False,False,False,False,False,False,False,False,False,False,False,False
109,Zombi 2,movie,6.8,91.0,1979,Horror,28853,1979-08-25,Lucio Fulci,True,False,False,False,False,False,False,False,False,False,False,False,False,False,False,False,False,False,False
40,Zombi Holocaust,movie,5.2,84.0,1980,"Adventure, Horror, Mystery, Sci-Fi, Thriller",5602,1980-03-28,Marino Girolami,True,True,False,True,False,True,False,False,True,False,False,False,False,False,False,False,False,False,False
140,The Alien Dead,movie,2.7,74.0,1980,"Comedy, Horror, Sci-Fi",1195,1980-06-01,Fred Olen Ray,True,True,False,False,True,False,False,False,False,False,False,False,False,False,False,False,False,True,False
150,Apocalypse domani,movie,5.5,96.0,1980,"Drama, Fantasy, Horror, Thriller",3974,1980-08-04,Antonio Margheriti,True,False,True,True,False,False,False,False,False,False,False,False,True,False,False,False,False,False,False
232,Paura nella città dei morti viventi,movie,6.2,93.0,1980,Horror,18165,1980-08-11,Lucio Fulci,True,False,False,False,False,False,False,False,False,False,False,False,False,False,False,False,False,False,False
163,Bloodeaters,movie,3.9,89.0,1980,Horror,1051,1980-10-31,Charles McCrann,True,False,False,False,False,False,False,False,False,False,False,False,False,False,False,False,False,False,False
6,Virus,movie,4.9,99.0,1980,"Horror, Sci-Fi, Thriller",5463,1980-11-10,"Claudio Fragasso, Bruno Mattei",True,True,False,True,False,False,False,False,False,False,False,False,False,False,False,False,False,False,False
66,Incubo sulla città contaminata,movie,5.6,92.0,1980,"Horror, Sci-Fi, Thriller",6413,1980-12-11,Umberto Lenzi,True,True,False,True,False,False,False,False,False,False,False,False,False,False,False,False,False,False,False
110,Le notti del terrore,movie,5.6,85.0,1981,Horror,5857,1981-01-23,Andrea Bianchi,True,False,False,False,False,False,False,False,False,False,False,False,False,False,False,False,False,False,False
96,...E tu vivrai nel terrore! L'aldilà,movie,6.6,87.0,1981,Horror,23690,1981-04-29,Lucio Fulci,True,False,False,False,False,False,False,False,False,False,False,False,False,False,False,False,False,False,False
180,Le lac des morts vivants,movie,3.1,90.0,1981,Horror,3456,1981-05-13,"Julian de Laserna, Jean Rollin",True,False,False,False,False,False,False,False,False,False,False,False,False,False,False,False,False,False,False
204,Dead & Buried,movie,6.5,94.0,1981,"Horror, Mystery",13680,1981-05-29,Gary Sherman,True,False,False,False,False,False,False,False,True,False,False,False,False,False,False,False,False,True,False
29,Quella villa accanto al cimitero,movie,6.1,86.0,1981,Horror,15199,1981-08-14,Lucio Fulci,True,False,False,False,False,False,False,False,False,False,False,False,False,False,False,False,False,False,False
195,The Evil Dead,movie,7.4,85.0,1981,Horror,214867,1981-10-15,Sam Raimi,True,False,False,False,False,False,False,False,False,False,False,False,False,False,False,False,False,True,False
181,Dawn of the Mummy,movie,3.8,93.0,1981,Horror,1181,1981-12-11,Frank Agrama,True,False,False,False,False,False,False,False,False,False,False,False,False,False,False,False,False,False,False
241,The Beast Within,movie,5.6,98.0,1982,Horror,4207,1982-02-12,Philippe Mora,True,False,False,False,False,False,False,False,False,False,False,False,False,False,False,False,False,False,False
182,La tumba de los muertos vivientes,movie,2.7,82.0,1982,Horror,2510,1982-04-21,Jesús Franco,True,False,False,False,False,False,False,False,False,False,False,False,False,False,False,False,False,False,False
222,Mortuary,movie,5.1,93.0,1982,Horror,2516,1982-05-07,Howard Avedis,True,False,False,False,False,False,False,False,False,False,False,False,False,False,False,False,False,False,False
178,Creepshow,movie,6.8,120.0,1982,"Comedy, Fantasy, Horror",49776,1982-05-20,George A. Romero,True,False,False,False,True,False,False,False,False,False,False,False,True,False,False,False,False,False,False
30,La morte vivante,movie,5.7,90.0,1982,Horror,2347,1982-08-25,Jean Rollin,True,False,False,False,False,False,False,False,False,False,False,False,False,False,False,False,False,False,False
99,Zeder,movie,6.2,98.0,1983,"Horror, Mystery",2318,1983-06-30,Pupi Avati,True,False,False,False,False,False,False,False,True,False,False,False,False,False,False,False,False,False,False
134,Night Shadows,movie,5.0,99.0,1984,"Horror, Sci-Fi, Thriller",2573,1984-07-06,"Mark Rosman, John 'Bud' Cardos",True,True,False,True,False,False,False,False,False,False,False,False,False,False,False,False,False,False,False
168,Night of the Comet,movie,6.3,95.0,1984,"Comedy, Horror, Sci-Fi",21929,1984-08-31,Thom Eberhardt,True,True,False,False,True,False,False,False,False,False,False,False,False,False,False,False,False,False,False
244,Death Warmed Up,movie,4.5,82.0,1984,"Horror, Sci-Fi",1282,1984-11-30,David Blyth,True,True,False,False,False,False,False,False,False,False,False,False,False,False,False,False,False,False,False
123,The Stuff,movie,5.9,87.0,1985,"Comedy, Horror, Sci-Fi",17088,1985-03-30,Larry Cohen,True,True,False,False,True,False,False,False,False,False,False,False,False,False,False,False,False,False,False
186,The Return of the Living Dead,movie,7.3,91.0,1985,"Comedy, Horror, Sci-Fi",63617,1985-04-18,Dan O'Bannon,True,True,False,False,True,False,False,False,False,False,False,False,False,False,False,False,False,True,False
117,Day of the Dead,movie,7.1,101.0,1985,"Horror, Thriller",70945,1985-06-30,George A. Romero,True,False,False,True,False,False,False,False,False,False,False,False,False,False,False,False,False,True,False
101,Cementerio del terror,movie,5.4,91.0,1985,"Horror, Thriller",1145,1985-07-12,Rubén Galindo Jr.,True,False,False,True,False,False,False,False,False,False,False,False,False,False,False,False,False,False,False
105,Hard Rock Zombies,movie,4.4,98.0,1985,"Comedy, Horror, Music",1611,1985-08-28,Krishna Shah,True,False,False,False,True,False,False,False,False,False,False,False,False,False,False,False,False,False,True
127,Dèmoni,movie,6.6,88.0,1985,Horror,24624,1985-10-04,Lamberto Bava,True,False,False,False,False,False,False,False,False,False,False,False,False,False,False,False,False,False,False
73,Night of the Creeps,movie,6.7,88.0,1986,"Comedy, Horror, Sci-Fi",24585,1986-08-22,Fred Dekker,True,True,False,False,True,False,False,False,False,False,False,False,False,False,False,False,False,False,False
41,Deadly Friend,movie,5.5,91.0,1986,"Drama, Horror, Sci-Fi, Thriller",8207,1986-10-10,Wes Craven,True,True,True,True,False,False,False,False,False,False,False,False,False,False,False,False,False,True,False
172,Zombie High,movie,4.2,93.0,1987,"Comedy, Horror",1318,1987-10-02,Ron Link,True,False,False,False,True,False,False,False,False,False,False,False,False,False,False,False,False,False,True
100,Prince of Darkness,movie,6.7,102.0,1987,Horror,46123,1987-10-21,John Carpenter,True,False,False,False,False,False,False,False,False,False,False,False,False,False,False,False,False,False,False
187,Return of the Living Dead: Part II,movie,5.7,89.0,1988,"Comedy, Horror, Sci-Fi",20438,1988-01-08,Ken Wiederhorn,True,True,False,False,True,False,False,False,False,False,False,False,False,False,False,False,False,True,False
83,The Serpent and the Rainbow,movie,6.4,98.0,1988,"Fantasy, Horror",26406,1988-02-05,Wes Craven,True,False,False,False,False,False,False,False,False,False,False,False,True,False,False,False,False,False,False
199,Maniac Cop,movie,6.0,85.0,1988,"Action, Crime, Horror, Mystery",18184,1988-03-31,William Lustig,True,False,False,False,False,False,True,False,True,True,False,False,False,False,False,False,False,False,False
51,Dead Heat,movie,6.0,84.0,1988,"Action, Comedy, Horror, Sci-Fi, Thriller",8530,1988-05-06,Mark Goldblatt,True,True,False,True,True,False,True,False,False,False,False,False,False,False,False,False,False,True,False
26,Zombi 3,movie,4.8,95.0,1988,"Action, Horror, Sci-Fi",5140,1988-06-30,"Claudio Fragasso, Lucio Fulci, Bruno Mattei",True,True,False,False,False,False,True,False,False,False,False,False,False,False,False,False,False,False,False
162,Death House,movie,4.2,90.0,1988,"Action, Horror, Sci-Fi",556,1988-12-01,John Saxon,True,True,False,False,False,False,True,False,False,False,False,False,False,False,False,False,False,False,False
89,Weekend at Bernie's,movie,6.4,97.0,1989,"Adventure, Comedy, Crime",58825,1989-02-09,Ted Kotcheff,False,False,False,False,True,True,False,False,False,True,False,False,False,False,False,False,False,False,False
231,The Dead Pit,movie,5.3,95.0,1989,Horror,2702,1989-05-31,Brett Leonard,True,False,False,False,False,False,False,False,False,False,False,False,False,False,False,False,False,True,False
236,The Vineyard,movie,4.7,95.0,1989,Horror,957,1989-07-21,"James Hong, William Rice",True,False,False,False,False,False,False,False,False,False,False,False,False,False,False,False,False,False,False
2,Chrome Hearts,movie,4.1,86.0,1989,"Comedy, Horror",2030,1989-10-31,Dan Hoskins,True,False,False,False,True,False,False,False,False,False,False,False,False,False,False,False,False,False,False
234,Ladrones de tumbas,movie,6.2,88.0,1989,"Horror, Mystery, Thriller",901,1989-11-03,Rubén Galindo Jr.,True,False,False,True,False,False,False,False,True,False,False,False,False,False,False,False,False,False,False
190,The Dead Next Door,movie,5.0,78.0,1989,Horror,3250,1989-11-30,J.R. Bookwalter,True,False,False,False,False,False,False,False,False,False,False,False,False,False,False,False,False,True,False
194,The Boneyard,movie,5.6,98.0,1991,"Fantasy, Horror",1371,1991-06-12,James Cummins,True,False,False,False,False,False,False,False,False,False,False,False,True,False,False,False,False,False,False
189,Braindead,movie,7.5,104.0,1992,"Comedy, Fantasy, Horror, Thriller",99266,1992-06-04,Peter Jackson,True,False,False,True,True,False,False,False,False,False,False,False,True,False,False,False,False,False,False
205,Death Becomes Her,movie,6.6,104.0,1992,"Comedy, Fantasy, Horror",122822,1992-07-13,Robert Zemeckis,True,False,False,False,True,False,False,False,False,False,False,False,True,False,False,False,False,False,False
185,Return of the Living Dead III,movie,5.9,97.0,1993,Horror,15750,1993-06-05,Brian Yuzna,True,False,False,False,False,False,False,False,False,False,False,False,False,False,False,False,False,True,False
184,My Boyfriend's Back,movie,5.4,85.0,1993,"Comedy, Fantasy, Horror, Romance",4781,1993-08-06,Bob Balaban,True,False,False,False,True,False,False,False,False,False,True,False,True,False,False,False,False,False,False
98,Ed and His Dead Mother,movie,6.0,93.0,1993,"Comedy, Horror",2238,1993-11-17,Jonathan Wacks,True,False,False,False,True,False,False,False,False,False,False,False,False,False,False,False,False,True,False
112,Dellamorte dellamore,movie,7.1,105.0,1994,"Comedy, Horror",22016,1994-03-25,Michele Soavi,True,False,False,False,True,False,False,False,False,False,False,False,False,False,False,False,False,False,False
206,Shatter Dead,movie,4.2,84.0,1994,Horror,704,1994-12-13,Scooter McCrae,True,False,False,False,False,False,False,False,False,False,False,False,False,False,False,False,False,True,False
137,The Rage,movie,4.5,93.0,1997,"Action, Thriller",585,1997-06-25,Sidney J. Furie,False,False,False,True,False,False,True,False,False,False,False,False,False,False,False,False,False,False,False
169,Cure,movie,7.4,111.0,1997,"Crime, Horror, Mystery, Thriller",17459,1997-11-06,Kiyoshi Kurosawa,True,False,False,True,False,False,False,False,True,True,False,False,False,False,False,False,False,False,False
20,Sang faa sau see,movie,6.4,94.0,1998,"Comedy, Horror, Sci-Fi",2550,1998-06-11,Wilson Yip,True,True,False,False,True,False,False,False,False,False,False,False,False,False,False,False,False,False,False
148,I Zombie: The Chronicles of Pain,movie,5.4,79.0,1998,"Drama, Horror",765,1998-12-31,Andrew Parkinson,True,False,True,False,False,False,False,False,False,False,False,False,False,False,False,False,False,False,True
151,Ravenous,movie,6.9,101.0,1999,"Adventure, Horror, Western",41133,1999-01-01,Antonia Bird,True,False,False,False,False,True,False,False,False,False,False,False,False,False,False,False,True,False,False
70,Wild Zero,movie,6.3,98.0,1999,"Comedy, Horror, Music, Sci-Fi, Thriller",3656,1999-08-28,Tetsuro Takeuchi,True,True,False,True,True,False,False,False,False,False,False,False,False,False,False,False,False,False,False
4,Junk: Shiryô-gari,movie,5.4,83.0,2000,Horror,1164,2000-01-22,Atsushi Muroga,True,False,False,False,False,False,False,False,False,False,False,False,False,False,False,False,False,False,False
95,Versus,movie,6.3,119.0,2000,"Action, Drama, Fantasy, Horror, Thriller",13357,2000-10-29,Ryûhei Kitamura,True,False,True,True,False,False,True,False,False,False,False,False,True,False,False,False,False,False,False
213,Sheng hua te jing: Sang shi ren wu,movie,5.1,89.0,2000,"Comedy, Horror",151,2000-11-29,Wai-Man Cheng,True,False,False,False,True,False,False,False,False,False,False,False,False,False,False,False,False,False,False
175,Kairo,movie,6.5,119.0,2001,"Horror, Mystery, Sci-Fi, Thriller",22358,2001-02-03,Kiyoshi Kurosawa,True,True,False,True,False,False,False,False,True,False,False,False,False,False,False,False,False,False,False
188,Stacy,movie,5.1,80.0,2001,"Comedy, Horror",1628,2001-08-18,Naoyuki Tomomatsu,True,False,False,False,True,False,False,False,False,False,False,False,False,False,False,False,False,False,False
154,Ghosts of Mars,movie,4.9,98.0,2001,"Action, Horror, Sci-Fi",55800,2001-08-24,John Carpenter,True,True,False,False,False,False,True,False,False,False,False,False,False,False,False,False,False,False,False
207,Resident Evil,movie,6.6,100.0,2002,"Action, Horror, Sci-Fi",275925,2002-03-12,Paul W.S. Anderson,True,True,False,False,False,False,True,False,False,False,False,False,False,False,False,False,False,False,False
132,28 Days Later...,movie,7.5,113.0,2002,"Drama, Horror, Sci-Fi, Thriller",421139,2002-11-01,Danny Boyle,True,True,True,True,False,False,False,False,False,False,False,False,False,False,False,False,False,False,False
71,Undead,movie,5.4,104.0,2003,"Action, Comedy, Fantasy, Horror, Sci-Fi",14455,2003-02-27,"Michael Spierig, Peter Spierig",True,True,False,False,True,False,True,False,False,False,False,False,True,False,False,False,False,False,False
59,Dawn of the Dead,movie,7.3,101.0,2004,"Action, Horror",259979,2004-03-10,Zack Snyder,True,False,False,False,False,False,True,False,False,False,False,False,False,False,False,False,False,True,False
102,Dead & Breakfast,movie,5.7,88.0,2004,"Comedy, Fantasy, Horror, Musical",6010,2004-03-16,Matthew Leutwyler,True,False,False,False,True,False,False,False,False,False,False,False,True,False,True,False,False,True,False
18,Shaun of the Dead,movie,7.9,99.0,2004,"Comedy, Horror",565799,2004-03-29,Edgar Wright,True,False,False,False,True,False,False,False,False,False,False,False,False,False,False,False,False,True,False
252,Resident Evil: Apocalypse,movie,6.1,94.0,2004,"Action, Horror, Sci-Fi, Thriller",202879,2004-08-23,Alexander Witt,True,True,False,True,False,False,True,False,False,False,False,False,False,False,False,False,False,False,False
152,A Dirty Shame,movie,5.1,89.0,2004,Comedy,13141,2004-09-12,John Waters,False,False,False,False,True,False,False,False,False,False,False,False,False,False,False,False,False,False,False
24,Zombie Honeymoon,movie,4.5,83.0,2004,"Drama, Horror, Romance",2489,2004-10-23,David Gebroe,True,False,True,False,False,False,False,False,False,False,True,False,False,False,False,False,False,False,True
221,Dead Meat,movie,4.7,80.0,2004,"Action, Comedy, Horror, Sci-Fi",2306,2004-10-31,Conor McMahon,True,True,False,False,True,False,True,False,False,False,False,False,False,False,False,False,False,True,False
227,Die Nacht der lebenden Loser,movie,5.6,89.0,2004,"Comedy, Horror",2871,2004-11-04,Matthias Dinter,True,False,False,False,True,False,False,False,False,False,False,False,False,False,False,False,False,False,False
32,Khun krabii hiiroh,movie,5.8,95.0,2004,"Action, Comedy, Fantasy, Horror",892,2004-12-16,Taweewat Wantha,True,False,False,False,True,False,True,False,False,False,False,False,True,False,False,False,False,False,False
36,Dead Meat,movie,3.9,87.0,2005,"Comedy, Horror",916,2005-02-01,Philip Cruz,True,False,False,False,True,False,False,False,False,False,False,False,False,False,False,False,False,True,False
34,The Roost,movie,4.8,80.0,2005,"Horror, Thriller",2150,2005-03-12,Ti West,True,False,False,True,False,False,False,False,False,False,False,False,False,False,False,False,False,False,False
118,Land of the Dead,movie,6.2,93.0,2005,"Horror, Sci-Fi, Thriller",98143,2005-06-18,George A. Romero,True,True,False,True,False,False,False,False,False,False,False,False,False,False,False,False,False,True,False
103,Boy Eats Girl,movie,4.9,80.0,2005,"Comedy, Fantasy, Horror",3951,2005-07-03,Stephen Bradley,True,False,False,False,True,False,False,False,False,False,False,False,True,False,False,False,False,False,False
39,Mortuary,movie,4.1,94.0,2005,"Horror, Mystery, Thriller",6019,2005-08-03,Tobe Hooper,True,False,False,True,False,False,False,False,True,False,False,False,False,False,False,False,False,False,False
235,Corpse Bride,movie,7.3,77.0,2005,"Animation, Drama, Family, Fantasy, Musical, Romance",280841,2005-09-07,"Tim Burton, Mike Johnson",False,False,True,False,False,False,False,False,False,False,True,False,True,True,True,True,False,False,False
58,To kako,movie,5.4,83.0,2005,"Action, Comedy, Horror",1846,2005-09-24,Giorgos Nousias,True,False,False,False,True,False,True,False,False,False,False,False,False,False,False,False,False,False,False
7,Severed,movie,4.5,93.0,2005,"Horror, Sci-Fi, Thriller",2109,2005-09-25,Carl Bessai,True,True,False,True,False,False,False,False,False,False,False,False,False,False,False,False,False,False,False
142,Doom,movie,5.2,105.0,2005,"Action, Horror, Sci-Fi",115308,2005-10-20,Andrzej Bartkowiak,True,True,False,False,False,False,True,False,False,False,False,False,False,False,False,False,False,False,False
170,The Cabinet of Dr. Caligari,movie,5.6,76.0,2005,"Drama, Horror, Mystery, Thriller",737,2005-10-22,David Lee Fisher,True,False,True,True,False,False,False,False,True,False,False,False,False,False,False,False,False,False,False
46,Horrors of War,movie,2.9,99.0,2006,"Action, Horror, Sci-Fi, War",1225,2006-03-25,"Peter John Ross, John Whitney",True,True,False,False,False,False,True,False,False,False,False,True,False,False,False,False,False,False,False
72,Slither,movie,6.5,95.0,2006,"Comedy, Horror, Sci-Fi",84381,2006-03-31,James Gunn,True,True,False,False,True,False,False,False,False,False,False,False,False,False,False,False,False,False,False
191,Zonbi jieitai,movie,4.6,75.0,2006,"Action, Comedy, Horror, Sci-Fi",451,2006-04-23,Naoyuki Tomomatsu,True,True,False,False,True,False,True,False,False,False,False,False,False,False,False,False,False,False,False
176,Pulse,movie,4.7,90.0,2006,"Horror, Sci-Fi, Thriller",29831,2006-08-09,Jim Sonzero,True,True,False,True,False,False,False,False,False,False,False,False,False,False,False,False,False,False,False
121,Fido,movie,6.7,93.0,2006,"Comedy, Drama, Horror, Sci-Fi",29575,2006-09-07,Andrew Currie,True,True,True,False,True,False,False,False,False,False,False,False,False,False,False,False,False,False,False
35,Black Sheep,movie,5.8,87.0,2006,"Adult, Comedy, Horror, Sci-Fi",41182,2006-09-10,Jonathan King,True,True,False,False,True,False,False,True,False,False,False,False,False,False,False,False,False,False,False
63,Automaton Transfusion,movie,3.7,75.0,2006,Horror,2398,2006-10-18,Steven C. Miller,True,False,False,False,False,False,False,False,False,False,False,False,False,False,False,False,False,False,False
111,Last Rites of the Dead,movie,4.7,118.0,2006,"Comedy, Horror",717,2006-10-22,Marc Fratto,True,False,False,False,True,False,False,False,False,False,False,False,False,False,False,False,False,True,False
1,The Zombie Diaries,movie,4.0,85.0,2006,"Horror, Sci-Fi",4783,2006-10-29,"Michael G. Bartlett, Kevin Gates",True,True,False,False,False,False,False,False,False,False,False,False,False,False,False,False,False,False,True
143,Mulberry St,movie,5.5,84.0,2006,"Horror, Sci-Fi, Thriller",6271,2006-11-16,Jim Mickle,True,True,False,True,False,False,False,False,False,False,False,False,False,False,False,False,False,False,False
233,Wicked Little Things,movie,5.0,94.0,2006,"Drama, Fantasy, Horror",8488,2006-11-17,J.S. Cardone,True,False,True,False,False,False,False,False,False,False,False,False,True,False,False,False,False,False,False
107,Poultrygeist: Night of the Chicken Dead,movie,6.0,103.0,2006,"Comedy, Horror, Musical, Sci-Fi",8744,2006-12-29,Lloyd Kaufman,True,True,False,False,True,False,False,False,False,False,False,False,False,False,True,False,False,True,False
67,American Zombie,movie,5.0,90.0,2007,"Comedy, Drama, Horror",1194,2007-01-18,Grace Lee,True,False,True,False,True,False,False,False,False,False,False,False,False,False,False,False,False,False,True
161,The Signal,movie,6.0,103.0,2007,"Horror, Sci-Fi, Thriller",21511,2007-01-22,"Jacob Gentry, David Bruckner, Dan Bush",True,True,False,True,False,False,False,False,False,False,False,False,False,False,False,False,False,False,False
104,Undead or Alive: A Zombedy,movie,5.1,91.0,2007,"Comedy, Horror, Western",2113,2007-03-10,Glasgow Phillips,True,False,False,False,True,False,False,False,False,False,False,False,False,False,False,False,True,False,False
62,Plane Dead,movie,5.1,89.0,2007,Horror,9353,2007-03-21,Scott Thomas,True,False,False,False,False,False,False,False,False,False,False,False,False,False,False,False,False,True,False
139,Zibahkhana,movie,5.3,77.0,2007,"Horror, Thriller",885,2007-03-31,Omar Khan,True,False,False,True,False,False,False,False,False,False,False,False,False,False,False,False,False,False,False
27,Planet Terror,movie,7.1,105.0,2007,"Action, Comedy, Horror, Sci-Fi, Thriller",214783,2007-04-06,Robert Rodriguez,True,True,False,True,True,False,True,False,False,False,False,False,False,False,False,False,False,False,False
249,28 Weeks Later,movie,6.9,100.0,2007,"Action, Adventure, Horror, Sci-Fi",281171,2007-04-26,Juan Carlos Fresnadillo,True,True,False,False,False,True,True,False,False,False,False,False,False,False,False,False,False,False,False
242,The Mad,movie,4.7,83.0,2007,"Action, Comedy, Horror, Sci-Fi, Thriller",1845,2007-05-22,Johnny Kalangis,True,True,False,True,True,False,True,False,False,False,False,False,False,False,False,False,False,False,False
240,The Rage,movie,4.2,85.0,2007,Horror,1941,2007-07-13,Robert Kurtzman,True,False,False,False,False,False,False,False,False,False,False,False,False,False,False,False,False,False,False
126,[Rec],movie,7.4,78.0,2007,"Horror, Mystery, Thriller",185072,2007-08-29,"Jaume Balagueró, Paco Plaza",True,False,False,True,False,False,False,False,True,False,False,False,False,False,False,False,False,False,False
119,Diary of the Dead,movie,5.5,95.0,2007,"Fantasy, Horror, Sci-Fi, Thriller",48166,2007-09-08,George A. Romero,True,True,False,True,False,False,False,False,False,False,False,False,True,False,False,False,False,True,False
215,Resident Evil: Extinction,movie,6.2,94.0,2007,"Action, Horror, Sci-Fi",198749,2007-09-20,Russell Mulcahy,True,True,False,False,False,False,True,False,False,False,False,False,False,False,False,False,False,False,False
74,Days of Darkness,movie,3.8,89.0,2007,Horror,1505,2007-09-21,Jake Kennedy,True,False,False,False,False,False,False,False,False,False,False,False,False,False,False,False,False,False,False
25,Wasting Away,movie,5.7,90.0,2007,"Comedy, Horror",3433,2007-10-16,Matthew Kohnen,True,False,False,False,True,False,False,False,False,False,False,False,False,False,False,False,False,False,False
146,I Am Legend,movie,7.2,101.0,2007,"Action, Drama, Horror, Sci-Fi, Thriller",771118,2007-12-05,Francis Lawrence,True,True,True,True,False,False,True,False,False,False,False,False,False,False,False,False,False,False,False
106,Saikyô heiki joshikôsei: Rika - zonbi hantâ vs saikyô zonbi Gurorian,movie,5.2,86.0,2008,"Action, Horror",458,2008-02-18,Ken'ichi Fujiwara,True,False,False,False,False,False,True,False,False,False,False,False,False,False,False,False,False,False,False
54,Zombie Strippers!,movie,4.1,94.0,2008,"Comedy, Horror, Sci-Fi",18602,2008-02-23,Jay Lee,True,True,False,False,True,False,False,False,False,False,False,False,False,False,False,False,False,False,True
19,Dance of the Dead,movie,5.8,87.0,2008,"Action, Comedy, Horror, Sci-Fi",11799,2008-03-09,Gregg Bishop,True,True,False,False,True,False,True,False,False,False,False,False,False,False,False,False,False,True,False
202,Outpost,movie,5.8,90.0,2008,"Action, Horror, Sci-Fi, War",17518,2008-03-11,Steve Barker,True,True,False,False,False,False,True,False,False,False,False,True,False,False,False,False,False,False,False
218,Onechanbara: The Movie,movie,4.7,80.0,2008,"Action, Horror",1341,2008-04-30,Yôhei Fukuda,True,False,False,False,False,False,True,False,False,False,False,False,False,False,False,False,False,False,False
138,Virus Undead,movie,3.6,95.0,2008,"Crime, Fantasy, Horror, Thriller",798,2008-06-30,"Wolf Wolff, Ohmuthi",True,False,False,True,False,False,False,False,False,True,False,False,True,False,False,False,False,False,False
237,Yoroi: Samurai zonbi,movie,5.0,91.0,2008,"Action, Horror",250,2008-07-21,Tak Sakaguchi,True,False,False,False,False,False,True,False,False,False,False,False,False,False,False,False,False,False,False
159,The Dead Outside,movie,4.1,86.0,2008,"Horror, Mystery, Thriller",1304,2008-08-24,Kerry Anne Mullaney,True,False,False,True,False,False,False,False,True,False,False,False,False,False,False,False,False,True,False
144,Mutants,movie,2.3,83.0,2008,"Action, Horror, Sci-Fi",625,2008-08-30,Amir Valinia,True,True,False,False,False,False,True,False,False,False,False,False,False,False,False,False,False,False,False
60,Deadgirl,movie,5.5,101.0,2008,Horror,19313,2008-09-06,"Gadi Harel, Marcel Sarmiento",True,False,False,False,False,False,False,False,False,False,False,False,False,False,False,False,False,True,False
245,Pontypool,movie,6.5,93.0,2008,"Horror, Sci-Fi",33301,2008-09-06,Bruce McDonald,True,True,False,False,False,False,False,False,False,False,False,False,False,False,False,False,False,False,False
131,Quarantine,movie,5.9,89.0,2008,"Horror, Sci-Fi, Thriller",74789,2008-10-10,John Erick Dowdle,True,True,False,True,False,False,False,False,False,False,False,False,False,False,False,False,False,False,False
201,The Gates of Hell,movie,4.2,88.0,2008,"Horror, Thriller",181,2008-10-18,Kelly Dolen,True,False,False,True,False,False,False,False,False,False,False,False,False,False,False,False,False,False,False
124,Splinter,movie,6.1,82.0,2008,"Crime, Horror, Sci-Fi, Thriller",38909,2008-10-31,Toby Wilkins,True,True,False,True,False,False,False,False,False,True,False,False,False,False,False,False,False,False,False
17,Colin,movie,4.7,97.0,2008,"Action, Drama, Horror",1612,2008-11-15,Marc Price,True,False,True,False,False,False,True,False,False,False,False,False,False,False,False,False,False,False,False
38,The Children,movie,5.9,84.0,2008,"Horror, Mystery, Thriller",18517,2008-12-05,Tom Shankland,True,False,False,True,False,False,False,False,True,False,False,False,False,False,False,False,False,False,False
93,Død snø,movie,6.3,92.0,2009,"Comedy, Fantasy, Horror",68202,2009-01-09,Tommy Wirkola,True,False,False,False,True,False,False,False,False,False,False,False,True,False,False,False,False,False,False
145,Mutants,movie,5.5,95.0,2009,"Drama, Horror, Sci-Fi",4177,2009-01-31,David Morley,True,True,True,False,False,False,False,False,False,False,False,False,False,False,False,False,False,False,False
198,Friday the 13th,movie,5.5,97.0,2009,"Horror, Mystery, Thriller",110598,2009-02-09,Marcus Nispel,True,False,False,True,False,False,False,False,True,False,False,False,False,False,False,False,False,False,False
5,ZMD: Zombies of Mass Destruction,movie,5.0,89.0,2009,"Comedy, Horror, Sci-Fi",4195,2009-04-18,Kevin Hamedani,True,True,False,False,True,False,False,False,False,False,False,False,False,False,False,False,False,False,True
141,Doghouse,movie,6.0,89.0,2009,"Comedy, Horror, Sci-Fi",22387,2009-06-12,Jake West,True,True,False,False,True,False,False,False,False,False,False,False,False,False,False,False,False,False,False
183,The Revenant,movie,6.3,117.0,2009,"Comedy, Fantasy, Horror",11124,2009-08-16,D. Kerry Prior,True,False,False,False,True,False,False,False,False,False,False,False,True,False,False,False,False,False,False
113,La horde,movie,5.9,90.0,2009,"Action, Horror",15952,2009-08-28,"Yannick Dahan, Benjamin Rocher",True,False,False,False,False,False,True,False,False,False,False,False,False,False,False,False,False,False,False
223,[Rec]²,movie,6.5,85.0,2009,"Horror, Thriller",74947,2009-09-02,"Jaume Balagueró, Paco Plaza",True,False,False,True,False,False,False,False,False,False,False,False,False,False,False,False,False,False,False
120,Survival of the Dead,movie,4.8,90.0,2009,"Comedy, Drama, Horror, Thriller",21890,2009-09-09,George A. Romero,True,False,True,True,True,False,False,False,False,False,False,False,False,False,False,False,False,True,False
226,Wake Wood,movie,5.5,90.0,2009,"Drama, Horror, Thriller",8587,2009-09-25,David Keating,True,False,True,True,False,False,False,False,False,False,False,False,False,False,False,False,False,False,False
55,Zombieland,movie,7.6,88.0,2009,"Action, Comedy, Horror",587581,2009-09-25,Ruben Fleischer,True,False,False,False,True,False,True,False,False,False,False,False,False,False,False,False,False,False,True
158,Dead Air,movie,5.2,90.0,2009,"Horror, Sci-Fi, Thriller",2377,2009-10-27,Corbin Bernsen,True,True,False,True,False,False,False,False,False,False,False,False,False,False,False,False,False,True,False
68,Growth,movie,4.4,90.0,2010,"Horror, Sci-Fi",3555,2010-01-18,Gabriel Cowan,True,True,False,False,False,False,False,False,False,False,False,False,False,False,False,False,False,False,False
129,Rammbock,movie,6.3,63.0,2010,"Action, Drama, Horror, Sci-Fi, Thriller",5767,2010-01-19,Marvin Kren,True,True,True,True,False,False,True,False,False,False,False,False,False,False,False,False,False,False,False
156,The Crazies,movie,6.5,101.0,2010,"Adventure, Horror",123807,2010-02-23,Breck Eisner,True,False,False,False,False,True,False,False,False,False,False,False,False,False,False,False,False,False,False
157,Fight or Flight,movie,3.5,82.0,2010,"Action, Horror, Thriller",733,2010-04-01,George Mendeluk,True,False,False,True,False,False,True,False,False,False,False,False,False,False,False,False,False,False,False
122,Dead Genesis,movie,3.5,98.0,2010,"Action, Horror, Thriller",536,2010-04-17,Reese Eveneshen,True,False,False,True,False,False,True,False,False,False,False,False,False,False,False,False,False,True,False
61,Devil's Playground,movie,5.1,96.0,2010,"Action, Horror",5057,2010-08-21,Mark McQueen,True,False,False,False,False,False,True,False,False,False,False,False,False,False,False,False,False,False,False
16,The Dead,movie,5.7,105.0,2010,"Action, Adventure, Drama, Horror, Sci-Fi, Thriller",9418,2010-08-30,"Howard J. Ford, Jonathan Ford",True,True,True,True,False,True,True,False,False,False,False,False,False,False,False,False,False,True,False
253,Resident Evil: Afterlife,movie,5.8,96.0,2010,"Action, Horror, Sci-Fi",174093,2010-09-02,Paul W.S. Anderson,True,True,False,False,False,False,True,False,False,False,False,False,False,False,False,False,False,False,False
69,Nihon bundan: Heru doraibâ,movie,5.2,117.0,2010,"Horror, Sci-Fi",1702,2010-09-28,Yoshihiro Nishimura,True,True,False,False,False,False,False,False,False,False,False,False,False,False,False,False,False,False,False
239,Quarantine 2: Terminal,movie,5.2,86.0,2011,"Horror, Sci-Fi, Thriller",20164,2011-01-27,John Pogue,True,True,False,True,False,False,False,False,False,False,False,False,False,False,False,False,False,False,False
12,Eaters,movie,4.0,94.0,2011,Horror,1458,2011-04-07,"Luca Boni, Marco Ristori",True,False,False,False,False,False,False,False,False,False,False,False,False,False,False,False,False,False,False
31,Harold's Going Stiff,movie,5.8,77.0,2011,"Comedy, Horror",728,2011-05-06,Keith Wright,True,False,False,False,True,False,False,False,False,False,False,False,False,False,False,False,False,False,False
91,Pirates of the Caribbean: On Stranger Tides,movie,6.6,137.0,2011,"Action, Adventure, Fantasy",535969,2011-05-07,Rob Marshall,False,False,False,False,False,True,True,False,False,False,False,False,True,False,False,False,False,False,False
10,Juan de los muertos,movie,6.4,92.0,2011,"Action, Comedy, Horror",10686,2011-09-10,Alejandro Brugués,True,False,False,False,True,False,True,False,False,False,False,False,False,False,False,False,False,False,False
108,Exit Humanity,movie,5.3,114.0,2011,"Drama, Horror",4605,2011-09-18,John Geddes,True,False,True,False,False,False,False,False,False,False,False,False,False,False,False,False,False,False,False
128,State of Emergency,movie,5.2,90.0,2011,"Horror, Sci-Fi, Thriller",3084,2011-10-05,Turner Clay,True,True,False,True,False,False,False,False,False,False,False,False,False,False,False,False,False,False,False
64,War of the Dead,movie,4.1,86.0,2011,"Action, Adventure, Horror, Sci-Fi, Thriller",2732,2011-10-22,Marko Mäkilaakso,True,True,False,True,False,True,True,False,False,False,False,False,False,False,False,False,False,True,False
197,The Cabin in the Woods,movie,7.0,95.0,2011,"Horror, Mystery, Thriller",426482,2011-12-11,Drew Goddard,True,False,False,True,False,False,False,False,True,False,False,False,False,False,False,False,False,False,False
270,V/H/S,movie,5.8,116.0,2012,Horror,64678,2012-01-22,"Adam Wingard, Tyler Gillett, Matt Bettinelli-Olpin, David Bruckner, Glenn McQuaid, Chad Villella, Joe Swanberg, Justin Martinez, Radio Silence, Ti West",True,False,False,False,False,False,False,False,False,False,False,False,False,False,False,False,False,False,False
220,A Little Bit Zombie,movie,5.3,87.0,2012,"Comedy, Horror, Sci-Fi",2898,2012-02-04,Casey Walker,True,True,False,False,True,False,False,False,False,False,False,False,False,False,False,False,False,False,True
14,Zombibi,movie,4.9,90.0,2012,"Comedy, Horror",1552,2012-02-15,"Erwin van den Eshof, Martijn Smits",True,False,False,False,True,False,False,False,False,False,False,False,False,False,False,False,False,False,False
165,Citadel,movie,5.4,84.0,2012,"Drama, Horror, Thriller",7143,2012-03-11,Ciarán Foy,True,False,True,True,False,False,False,False,False,False,False,False,False,False,False,False,False,False,False
37,Z-108 qi cheng,movie,3.3,83.0,2012,"Horror, Sci-Fi",965,2012-04-06,Joe Chien,True,True,False,False,False,False,False,False,False,False,False,False,False,False,False,False,False,False,False
212,In-lyu-myeol-mang-bo-go-seo,movie,5.8,115.0,2012,"Comedy, Drama, Fantasy, Sci-Fi",3436,2012-04-11,"Jee-woon Kim, Pil-sung Yim",False,True,True,False,True,False,False,False,False,False,False,False,True,False,False,False,False,False,False
209,Detention of the Dead,movie,4.5,87.0,2012,"Action, Adventure, Comedy, Horror, Sci-Fi, Thriller",2737,2012-04-27,Alex Craig Mann,True,True,False,True,True,True,True,False,False,False,False,False,False,False,False,False,False,True,False
208,Osombie,movie,3.6,92.0,2012,"Action, Horror",1649,2012-05-05,John Lyde,True,False,False,False,False,False,True,False,False,False,False,False,False,False,False,False,False,False,False
114,Dead Season,movie,4.6,85.0,2012,"Horror, Sci-Fi",3182,2012-05-15,Adam Deyoe,True,True,False,False,False,False,False,False,False,False,False,False,False,False,False,False,False,True,False
3,Zombies Vs. Strippers,movie,3.5,75.0,2012,"Comedy, Horror",846,2012-07-09,Alex Nicolaou,True,False,False,False,True,False,False,False,False,False,False,False,False,False,False,False,False,False,True
13,Cockneys vs Zombies,movie,5.9,88.0,2012,"Action, Comedy, Horror, Thriller",19747,2012-08-23,Matthias Hoene,True,False,False,True,True,False,True,False,False,False,False,False,False,False,False,False,False,False,True
254,Resident Evil: Retribution,movie,5.3,95.0,2012,"Action, Horror, Sci-Fi, Thriller",144997,2012-09-03,Paul W.S. Anderson,True,True,False,True,False,False,True,False,False,False,False,False,False,False,False,False,False,False,False
260,Dead Shadows,movie,3.8,75.0,2012,"Horror, Sci-Fi",1213,2012-09-10,David Cholewa,True,True,False,False,False,False,False,False,False,False,False,False,False,False,False,False,False,True,False
225,Gallowwalkers,movie,3.6,92.0,2012,"Action, Adventure, Fantasy, Horror, Thriller, Western",7951,2012-10-06,Andrew Goth,True,False,False,True,False,True,True,False,False,False,False,False,True,False,False,False,True,False,False
11,Rise of the Zombies,movie,3.7,89.0,2012,"Action, Adventure, Drama, Horror, Sci-Fi, Thriller",3249,2012-10-08,Nick Lyon,True,True,True,True,False,True,True,False,False,False,False,False,False,False,False,False,False,False,True
0,The Battery,movie,6.3,101.0,2012,"Adventure, Drama, Horror",9593,2012-10-13,Jeremy Gardner,True,False,True,False,False,True,False,False,False,False,False,False,False,False,False,False,False,False,False
224,Decay,movie,3.8,76.0,2012,Horror,439,2012-11-29,"Michael Mazur, Luke Thompson",True,False,False,False,False,False,False,False,False,False,False,False,False,False,False,False,False,False,False
214,Warm Bodies,movie,6.8,98.0,2013,"Comedy, Horror, Romance",234785,2013-01-16,Jonathan Levine,True,False,False,False,True,False,False,False,False,False,True,False,False,False,False,False,False,False,False
269,V/H/S/2,movie,6.0,96.0,2013,"Horror, Sci-Fi",41465,2013-01-19,"Gregg Hale, Jason Eisener, Adam Wingard, Simon Barrett, Eduardo Sánchez, Gareth Evans, Timo Tjahjanto",True,True,False,False,False,False,False,False,False,False,False,False,False,False,False,False,False,False,False
45,Frankenstein's Army,movie,5.3,84.0,2013,"Horror, Sci-Fi",8800,2013-01-26,Richard Raaphorst,True,True,False,False,False,False,False,False,False,False,False,False,False,False,False,False,False,False,False
130,Before Dawn,movie,4.8,82.0,2013,Horror,846,2013-02-02,Dominic Brunt,True,False,False,False,False,False,False,False,False,False,False,False,False,False,False,False,False,False,False
268,Utopia,movie,6.7,72.0,2013,"Horror, Music",82,2013-03-17,Daniel William Bones,True,False,False,False,False,False,False,False,False,False,False,False,False,False,False,False,False,False,False
8,13 Eerie,movie,4.5,87.0,2013,Horror,3050,2013-03-29,Lowell Dean,True,False,False,False,False,False,False,False,False,False,False,False,False,False,False,False,False,False,False
9,Go Goa Gone,movie,6.6,108.0,2013,"Action, Adventure, Comedy, Horror, Sci-Fi",14288,2013-05-10,"Raj Nidimoru, Krishna D.K.",True,True,False,False,True,True,True,False,False,False,False,False,False,False,False,False,False,False,False
57,World War Z,movie,7.0,116.0,2013,"Action, Adventure, Horror, Sci-Fi",679016,2013-06-02,Marc Forster,True,True,False,False,False,True,True,False,False,False,False,False,False,False,False,False,False,False,False
94,Knight of the Dead,movie,2.7,82.0,2013,"Action, Fantasy, Horror",634,2013-07-01,Mark Atkins,True,False,False,False,False,False,True,False,False,False,False,False,True,False,False,False,False,True,False
135,Zombie Massacre,movie,2.4,91.0,2013,"Action, Horror, Sci-Fi",1855,2013-07-01,"Luca Boni, Marco Ristori",True,True,False,False,False,False,True,False,False,False,False,False,False,False,False,False,False,False,True
210,Stalled,movie,4.7,84.0,2013,"Comedy, Horror",2030,2013-07-19,Christian James,True,False,False,False,True,False,False,False,False,False,False,False,False,False,False,False,False,False,False
136,Zombie Hunter,movie,3.5,93.0,2013,"Action, Comedy, Horror",2750,2013-07-26,K. King,True,False,False,False,True,False,True,False,False,False,False,False,False,False,False,False,False,False,True
258,The Dead 2: India,movie,5.1,98.0,2013,Horror,2085,2013-08-22,"Howard J. Ford, Jonathan Ford",True,False,False,False,False,False,False,False,False,False,False,False,False,False,False,False,False,True,False
216,Army of the Damned,movie,3.7,85.0,2013,Horror,514,2013-12-03,Tom DeNucci,True,False,False,False,False,False,False,False,False,False,False,False,False,False,False,False,False,False,False
262,Life After Beth,movie,5.6,89.0,2014,"Comedy, Fantasy, Horror, Romance",22383,2014-01-19,Jeff Baena,True,False,False,False,True,False,False,False,False,False,True,False,True,False,False,False,False,False,False
261,Død snø 2,movie,6.8,100.0,2014,"Action, Comedy, Fantasy, Horror",25550,2014-01-19,Tommy Wirkola,True,False,False,False,True,False,True,False,False,False,False,False,True,False,False,False,False,False,False
267,Goal of the Dead,movie,5.5,140.0,2014,"Comedy, Horror",1574,2014-02-27,"Thierry Poiraud, Benjamin Rocher",True,False,False,False,True,False,False,False,False,False,False,False,False,False,False,False,False,True,False
264,Zombeavers,movie,4.8,77.0,2014,"Comedy, Horror",19136,2014-04-13,Jordan Rubin,True,False,False,False,True,False,False,False,False,False,False,False,False,False,False,False,False,False,False
265,The Coed and the Zombie Stoner,movie,3.6,91.0,2014,"Comedy, Horror, Sci-Fi",1496,2014-04-18,Glenn Miller,True,True,False,False,True,False,False,False,False,False,False,False,False,False,False,False,False,False,True
263,Chrysalis,movie,4.7,100.0,2014,"Drama, Horror, Sci-Fi",978,2014-04-24,John Klein,True,True,True,False,False,False,False,False,False,False,False,False,False,False,False,False,False,False,False
266,Night of the Living Dead: Darkest Dawn,movie,3.8,62.0,2015,"Animation, Action, Horror",436,2015-10-05,"Zebediah De Soto, Krisztian Majdik",True,False,False,False,False,False,True,False,False,False,False,False,False,True,False,False,False,True,False
259,Operation Ragnarök,movie,3.1,89.0,2018,"Action, Drama, Sci-Fi, Thriller",477,2018-12-07,Fredrik Hiller,False,True,True,True,False,False,True,False,False,False,False,False,False,False,False,False,False,False,False
44,Frozen Scream,movie,2.9,85.0,1975,Horror,558,,Frank Roach,True,False,False,False,False,False,False,False,False,False,False,False,False,False,False,False,False,False,False
